time,strategy,identifier,symbol,side,type,status,multiplier,time_in_force,asset.strike,asset.multiplier,asset.asset_type,price,filled_quantity,trade_cost
2020-01-10 09:30:00-05:00,SentimentTrader,0a5a5ceaa0f14fbaaa7333009ab87425,MSFT,buy,market,new,1,gtc,0.0,1,stock,,,
2020-01-10 09:30:00-05:00,SentimentTrader,7fcc2368c0c449b4b5eb59e8d3ce814e,MSFT,sell,trailing_stop,new,1,gtc,0.0,1,stock,,,
2020-01-10 09:30:00-05:00,SentimentTrader,0a5a5ceaa0f14fbaaa7333009ab87425,MSFT,buy,market,fill,1,gtc,0.0,1,stock,162.82000732421875,153.0,0.0
2020-01-27 08:30:00-05:00,SentimentTrader,7fcc2368c0c449b4b5eb59e8d3ce814e,MSFT,sell,trailing_stop,fill,1,gtc,0.0,1,stock,161.14999389648438,153.0,0.0
2020-01-27 09:30:00-05:00,SentimentTrader,342ba3a1390740b7bf011cf27f2e34a4,MSFT,buy,market,new,1,gtc,0.0,1,stock,,,
2020-01-27 09:30:00-05:00,SentimentTrader,b7dac32881c2404bbf742ec95f4dcb8a,MSFT,sell,trailing_stop,new,1,gtc,0.0,1,stock,,,
2020-01-27 09:30:00-05:00,SentimentTrader,342ba3a1390740b7bf011cf27f2e34a4,MSFT,buy,market,fill,1,gtc,0.0,1,stock,161.14999389648438,154.0,0.0
2020-02-12 09:30:00-05:00,SentimentTrader,b7dac32881c2404bbf742ec95f4dcb8a,MSFT,sell,trailing_stop,fill,1,gtc,0.0,1,stock,184.9789970397949,154.0,0.0
2020-02-13 09:30:00-05:00,SentimentTrader,c0d04c989fdb4743b1f5177333a250a7,MSFT,buy,market,new,1,gtc,0.0,1,stock,,,
2020-02-13 09:30:00-05:00,SentimentTrader,5b6f0dd46b2e4b229ddd4e9af84e7178,MSFT,sell,trailing_stop,new,1,gtc,0.0,1,stock,,,
2020-02-13 09:30:00-05:00,SentimentTrader,c0d04c989fdb4743b1f5177333a250a7,MSFT,buy,market,fill,1,gtc,0.0,1,stock,183.0800018310547,141.0,0.0
2020-02-20 09:30:00-05:00,SentimentTrader,5b6f0dd46b2e4b229ddd4e9af84e7178,MSFT,sell,trailing_stop,canceled,1,gtc,0.0,1,stock,,,
2020-02-20 09:30:00-05:00,SentimentTrader,5854ac0de05a4732abcdc4e8bfed21e7,MSFT,sell,market,new,1,day,0.0,1,stock,,,
2020-02-20 09:30:00-05:00,SentimentTrader,5854ac0de05a4732abcdc4e8bfed21e7,MSFT,sell,market,fill,1,day,0.0,1,stock,186.9499969482422,141.0,0.0
2020-04-03 09:30:00-04:00,SentimentTrader,2a4831e541474ea89c8ec922f2c083c6,MSFT,buy,market,new,1,gtc,0.0,1,stock,,,
2020-04-03 09:30:00-04:00,SentimentTrader,2602a4406cd34002b0f21ae261ce87f3,MSFT,sell,trailing_stop,new,1,gtc,0.0,1,stock,,,
2020-04-03 09:30:00-04:00,SentimentTrader,2a4831e541474ea89c8ec922f2c083c6,MSFT,buy,market,fill,1,gtc,0.0,1,stock,155.10000610351562,167.0,0.0
2020-04-04 09:30:00-04:00,SentimentTrader,2602a4406cd34002b0f21ae261ce87f3,MSFT,sell,trailing_stop,fill,1,gtc,0.0,1,stock,152.65860473632813,167.0,0.0
2020-04-06 09:30:00-04:00,SentimentTrader,f5b5efb4253c4681bc93d980468f6b82,MSFT,buy,market,new,1,gtc,0.0,1,stock,,,
2020-04-06 09:30:00-04:00,SentimentTrader,2bfe39ba81154a059ee376dffab735ad,MSFT,sell,trailing_stop,new,1,gtc,0.0,1,stock,,,
2020-04-06 09:30:00-04:00,SentimentTrader,f5b5efb4253c4681bc93d980468f6b82,MSFT,buy,market,fill,1,gtc,0.0,1,stock,160.32000732421875,161.0,0.0
2020-04-08 09:30:00-04:00,SentimentTrader,2bfe39ba81154a059ee376dffab735ad,MSFT,sell,trailing_stop,fill,1,gtc,0.0,1,stock,164.9,161.0,0.0
2020-04-09 09:30:00-04:00,SentimentTrader,1b3e00de1e1245919c685ce81f8e5996,MSFT,buy,market,new,1,gtc,0.0,1,stock,,,
2020-04-09 09:30:00-04:00,SentimentTrader,0d968911ccf74b88ba3392712881d6a8,MSFT,sell,trailing_stop,new,1,gtc,0.0,1,stock,,,
2020-04-09 09:30:00-04:00,SentimentTrader,1b3e00de1e1245919c685ce81f8e5996,MSFT,buy,market,fill,1,gtc,0.0,1,stock,166.36000061035156,156.0,0.0
2020-04-13 08:30:00-04:00,SentimentTrader,0d968911ccf74b88ba3392712881d6a8,MSFT,sell,trailing_stop,fill,1,gtc,0.0,1,stock,162.34889526367186,156.0,0.0
2020-04-17 09:30:00-04:00,SentimentTrader,6dde614738fc4df689940b9abc9818f3,MSFT,buy,market,new,1,gtc,0.0,1,stock,,,
2020-04-17 09:30:00-04:00,SentimentTrader,5b85a1fc17494f7ea2d133da2c6f854b,MSFT,sell,trailing_stop,new,1,gtc,0.0,1,stock,,,
2020-04-17 09:30:00-04:00,SentimentTrader,6dde614738fc4df689940b9abc9818f3,MSFT,buy,market,fill,1,gtc,0.0,1,stock,179.5,144.0,0.0
2020-04-21 09:30:00-04:00,SentimentTrader,5b85a1fc17494f7ea2d133da2c6f854b,MSFT,sell,trailing_stop,fill,1,gtc,0.0,1,stock,173.5,144.0,0.0
2020-04-22 09:30:00-04:00,SentimentTrader,150205c2ba1749d3a96b5b33d206b4dd,MSFT,buy,market,new,1,gtc,0.0,1,stock,,,
2020-04-22 09:30:00-04:00,SentimentTrader,338f06b1f1c34f6a9b025a0afed59868,MSFT,sell,trailing_stop,new,1,gtc,0.0,1,stock,,,
2020-04-22 09:30:00-04:00,SentimentTrader,150205c2ba1749d3a96b5b33d206b4dd,MSFT,buy,market,fill,1,gtc,0.0,1,stock,171.38999938964844,149.0,0.0
2020-04-28 09:30:00-04:00,SentimentTrader,338f06b1f1c34f6a9b025a0afed59868,MSFT,sell,trailing_stop,fill,1,gtc,0.0,1,stock,171.59299407958983,149.0,0.0
2020-05-01 09:30:00-04:00,SentimentTrader,74aa97b905f84f23b2fa436708ec722a,MSFT,buy,market,new,1,gtc,0.0,1,stock,,,
2020-05-01 09:30:00-04:00,SentimentTrader,5031485506bb43fa952d6541223bc700,MSFT,sell,trailing_stop,new,1,gtc,0.0,1,stock,,,
2020-05-01 09:30:00-04:00,SentimentTrader,74aa97b905f84f23b2fa436708ec722a,MSFT,buy,market,fill,1,gtc,0.0,1,stock,175.8000030517578,146.0,0.0
2020-05-13 09:30:00-04:00,SentimentTrader,5031485506bb43fa952d6541223bc700,MSFT,sell,trailing_stop,fill,1,gtc,0.0,1,stock,181.88469467163085,146.0,0.0
2020-05-20 09:30:00-04:00,SentimentTrader,78fe0dd235c849b9862a97ef2c1c684f,MSFT,buy,market,new,1,gtc,0.0,1,stock,,,
2020-05-20 09:30:00-04:00,SentimentTrader,f2f817d44e9640e0a2d5a88e78d4c627,MSFT,sell,trailing_stop,new,1,gtc,0.0,1,stock,,,
2020-05-20 09:30:00-04:00,SentimentTrader,78fe0dd235c849b9862a97ef2c1c684f,MSFT,buy,market,fill,1,gtc,0.0,1,stock,184.80999755859375,140.0,0.0
2020-05-27 09:30:00-04:00,SentimentTrader,f2f817d44e9640e0a2d5a88e78d4c627,MSFT,sell,trailing_stop,fill,1,gtc,0.0,1,stock,180.1999969482422,140.0,0.0
2020-07-15 09:30:00-04:00,SentimentTrader,6fa543569ab44e69ae49a59ffc670421,MSFT,buy,market,new,1,gtc,0.0,1,stock,,,
2020-07-15 09:30:00-04:00,SentimentTrader,a6ed33390aef41c88ed507ea1b2dca68,MSFT,sell,trailing_stop,new,1,gtc,0.0,1,stock,,,
2020-07-15 09:30:00-04:00,SentimentTrader,6fa543569ab44e69ae49a59ffc670421,MSFT,buy,market,fill,1,gtc,0.0,1,stock,209.55999755859375,122.0,0.0
2020-07-16 09:30:00-04:00,SentimentTrader,a6ed33390aef41c88ed507ea1b2dca68,MSFT,sell,trailing_stop,fill,1,gtc,0.0,1,stock,204.99010177612305,122.0,0.0
2020-07-17 09:30:00-04:00,SentimentTrader,1c137b9118154bf2a7bae3bf32dc7fb9,MSFT,buy,market,new,1,gtc,0.0,1,stock,,,
2020-07-17 09:30:00-04:00,SentimentTrader,e8b49a4b6e114c0388e971abb3250d85,MSFT,sell,trailing_stop,new,1,gtc,0.0,1,stock,,,
2020-07-17 09:30:00-04:00,SentimentTrader,1c137b9118154bf2a7bae3bf32dc7fb9,MSFT,buy,market,fill,1,gtc,0.0,1,stock,204.47000122070312,125.0,0.0
2020-07-20 09:30:00-04:00,SentimentTrader,e8b49a4b6e114c0388e971abb3250d85,MSFT,sell,trailing_stop,fill,1,gtc,0.0,1,stock,205.0,125.0,0.0
2020-07-21 09:30:00-04:00,SentimentTrader,94c62bbccd3847479b4eb49d12259b69,MSFT,buy,market,new,1,gtc,0.0,1,stock,,,
2020-07-21 09:30:00-04:00,SentimentTrader,532b273028ef4e7faeaf4bc5392c7837,MSFT,sell,trailing_stop,new,1,gtc,0.0,1,stock,,,
2020-07-21 09:30:00-04:00,SentimentTrader,94c62bbccd3847479b4eb49d12259b69,MSFT,buy,market,fill,1,gtc,0.0,1,stock,213.66000366210938,120.0,0.0
2020-07-23 09:30:00-04:00,SentimentTrader,532b273028ef4e7faeaf4bc5392c7837,MSFT,sell,trailing_stop,fill,1,gtc,0.0,1,stock,207.19000244140625,120.0,0.0
2020-07-24 09:30:00-04:00,SentimentTrader,25432dd0a8c041f4b191b474420e5f1a,MSFT,buy,market,new,1,gtc,0.0,1,stock,,,
2020-07-24 09:30:00-04:00,SentimentTrader,acc343674e624f3ea9a542d861a3dd6d,MSFT,sell,trailing_stop,new,1,gtc,0.0,1,stock,,,
2020-07-24 09:30:00-04:00,SentimentTrader,25432dd0a8c041f4b191b474420e5f1a,MSFT,buy,market,fill,1,gtc,0.0,1,stock,200.4199981689453,126.0,0.0
2020-08-03 09:30:00-04:00,SentimentTrader,acc343674e624f3ea9a542d861a3dd6d,MSFT,sell,trailing_stop,fill,1,gtc,0.0,1,stock,211.11079940795898,126.0,0.0
2020-08-13 09:30:00-04:00,SentimentTrader,5f85f7d4db4f4311b0eeecbb8ee0d017,MSFT,buy,market,new,1,gtc,0.0,1,stock,,,
2020-08-13 09:30:00-04:00,SentimentTrader,7868afae2ac648939fdc8468f5a1c469,MSFT,sell,trailing_stop,new,1,gtc,0.0,1,stock,,,
2020-08-13 09:30:00-04:00,SentimentTrader,5f85f7d4db4f4311b0eeecbb8ee0d017,MSFT,buy,market,fill,1,gtc,0.0,1,stock,209.44000244140625,123.0,0.0
2020-09-03 09:30:00-04:00,SentimentTrader,7868afae2ac648939fdc8468f5a1c469,MSFT,sell,trailing_stop,fill,1,gtc,0.0,1,stock,225.874200592041,123.0,0.0
2020-09-15 09:30:00-04:00,SentimentTrader,e23a56a5ade9464d8784ea044dffc0cf,MSFT,buy,market,new,1,gtc,0.0,1,stock,,,
2020-09-15 09:30:00-04:00,SentimentTrader,9640dc85911d4f62b9c5fd59c060bdc6,MSFT,sell,trailing_stop,new,1,gtc,0.0,1,stock,,,
2020-09-15 09:30:00-04:00,SentimentTrader,e23a56a5ade9464d8784ea044dffc0cf,MSFT,buy,market,fill,1,gtc,0.0,1,stock,208.4199981689453,126.0,0.0
2020-09-17 09:30:00-04:00,SentimentTrader,9640dc85911d4f62b9c5fd59c060bdc6,MSFT,sell,trailing_stop,fill,1,gtc,0.0,1,stock,200.0500030517578,126.0,0.0
2020-09-18 09:30:00-04:00,SentimentTrader,44256931cbc74aa58042762a6a56ed6a,MSFT,buy,market,new,1,gtc,0.0,1,stock,,,
2020-09-18 09:30:00-04:00,SentimentTrader,9c56e9219b29420cac31d68114d8b89f,MSFT,sell,trailing_stop,new,1,gtc,0.0,1,stock,,,
2020-09-18 09:30:00-04:00,SentimentTrader,44256931cbc74aa58042762a6a56ed6a,MSFT,buy,market,fill,1,gtc,0.0,1,stock,202.8000030517578,128.0,0.0
2020-09-19 09:30:00-04:00,SentimentTrader,9c56e9219b29420cac31d68114d8b89f,MSFT,sell,trailing_stop,fill,1,gtc,0.0,1,stock,197.54049407958985,128.0,0.0
2020-09-21 09:30:00-04:00,SentimentTrader,b3b78e0adf3b49d3934a699a38c7d7db,MSFT,buy,market,new,1,gtc,0.0,1,stock,,,
2020-09-21 09:30:00-04:00,SentimentTrader,de2fbd23878442f881dccc2d2112efe0,MSFT,sell,trailing_stop,new,1,gtc,0.0,1,stock,,,
2020-09-21 09:30:00-04:00,SentimentTrader,b3b78e0adf3b49d3934a699a38c7d7db,MSFT,buy,market,fill,1,gtc,0.0,1,stock,197.19000244140625,131.0,0.0
2020-09-23 09:30:00-04:00,SentimentTrader,de2fbd23878442f881dccc2d2112efe0,MSFT,sell,trailing_stop,fill,1,gtc,0.0,1,stock,201.85700592041016,131.0,0.0
2020-09-29 09:30:00-04:00,SentimentTrader,cadca2e0aa1c4925a5810d89ba41d3f8,MSFT,buy,market,new,1,gtc,0.0,1,stock,,,
2020-09-29 09:30:00-04:00,SentimentTrader,ca35f1fe44ac4fd4adae7ac56ada433d,MSFT,sell,trailing_stop,new,1,gtc,0.0,1,stock,,,
2020-09-29 09:30:00-04:00,SentimentTrader,cadca2e0aa1c4925a5810d89ba41d3f8,MSFT,buy,market,fill,1,gtc,0.0,1,stock,209.35000610351562,124.0,0.0
2020-10-02 09:30:00-04:00,SentimentTrader,ca35f1fe44ac4fd4adae7ac56ada433d,MSFT,sell,trailing_stop,fill,1,gtc,0.0,1,stock,207.57030532836913,124.0,0.0
2020-10-05 09:30:00-04:00,SentimentTrader,f7ecb038a93c4e7b90e618326239a9d2,MSFT,buy,market,new,1,gtc,0.0,1,stock,,,
2020-10-05 09:30:00-04:00,SentimentTrader,4b8c731b5f3d4e72ac388d513c26def1,MSFT,sell,trailing_stop,new,1,gtc,0.0,1,stock,,,
2020-10-05 09:30:00-04:00,SentimentTrader,f7ecb038a93c4e7b90e618326239a9d2,MSFT,buy,market,fill,1,gtc,0.0,1,stock,207.22000122070312,125.0,0.0
2020-10-12 09:30:00-04:00,SentimentTrader,4b8c731b5f3d4e72ac388d513c26def1,MSFT,sell,trailing_stop,fill,1,gtc,0.0,1,stock,217.14420059204102,125.0,0.0
2020-10-13 09:30:00-04:00,SentimentTrader,373c0c6cb3f845fdbe3d7a575089a994,MSFT,buy,market,new,1,gtc,0.0,1,stock,,,
2020-10-13 09:30:00-04:00,SentimentTrader,763b7836e89f4aee81de8623a66f3f5f,MSFT,sell,trailing_stop,new,1,gtc,0.0,1,stock,,,
2020-10-13 09:30:00-04:00,SentimentTrader,373c0c6cb3f845fdbe3d7a575089a994,MSFT,buy,market,fill,1,gtc,0.0,1,stock,222.72000122070312,117.0,0.0
2020-10-15 09:30:00-04:00,SentimentTrader,763b7836e89f4aee81de8623a66f3f5f,MSFT,sell,trailing_stop,fill,1,gtc,0.0,1,stock,217.10000610351562,117.0,0.0
2020-10-16 09:30:00-04:00,SentimentTrader,e83ca62e509145c5afa16d7607cf3a0f,MSFT,buy,market,new,1,gtc,0.0,1,stock,,,
2020-10-16 09:30:00-04:00,SentimentTrader,a74a233b13ec4f4d8312fbc1a6045e5f,MSFT,sell,trailing_stop,new,1,gtc,0.0,1,stock,,,
2020-10-16 09:30:00-04:00,SentimentTrader,e83ca62e509145c5afa16d7607cf3a0f,MSFT,buy,market,fill,1,gtc,0.0,1,stock,220.14999389648438,118.0,0.0
2020-10-19 08:30:00-04:00,SentimentTrader,a74a233b13ec4f4d8312fbc1a6045e5f,MSFT,sell,trailing_stop,fill,1,gtc,0.0,1,stock,215.62129348754883,118.0,0.0
2020-10-19 09:30:00-04:00,SentimentTrader,76d4e937824a4c89856b87b67ff1cf20,MSFT,buy,market,new,1,gtc,0.0,1,stock,,,
2020-10-19 09:30:00-04:00,SentimentTrader,4ac6fd1cfc54455e9add50d421802513,MSFT,sell,trailing_stop,new,1,gtc,0.0,1,stock,,,
2020-10-19 09:30:00-04:00,SentimentTrader,76d4e937824a4c89856b87b67ff1cf20,MSFT,buy,market,fill,1,gtc,0.0,1,stock,220.4199981689453,117.0,0.0
2020-10-20 09:30:00-04:00,SentimentTrader,4ac6fd1cfc54455e9add50d421802513,MSFT,sell,trailing_stop,fill,1,gtc,0.0,1,stock,215.63100296020508,117.0,0.0
2020-10-21 09:30:00-04:00,SentimentTrader,8a9beb520c52453ab3119d7123737151,MSFT,buy,market,new,1,gtc,0.0,1,stock,,,
2020-10-21 09:30:00-04:00,SentimentTrader,45e8a2bd0a4344e6972700a9d2d93de8,MSFT,sell,trailing_stop,new,1,gtc,0.0,1,stock,,,
2020-10-21 09:30:00-04:00,SentimentTrader,8a9beb520c52453ab3119d7123737151,MSFT,buy,market,fill,1,gtc,0.0,1,stock,213.1199951171875,121.0,0.0
2020-10-26 08:30:00-04:00,SentimentTrader,45e8a2bd0a4344e6972700a9d2d93de8,MSFT,sell,trailing_stop,fill,1,gtc,0.0,1,stock,210.41239822387695,121.0,0.0
2020-10-26 09:30:00-04:00,SentimentTrader,e1164b8d195543fa83546a6c8bd2c37b,MSFT,buy,market,new,1,gtc,0.0,1,stock,,,
2020-10-26 09:30:00-04:00,SentimentTrader,da74d3e76f3d4d63a4ee1c63ee4176e9,MSFT,sell,trailing_stop,new,1,gtc,0.0,1,stock,,,
2020-10-26 09:30:00-04:00,SentimentTrader,e1164b8d195543fa83546a6c8bd2c37b,MSFT,buy,market,fill,1,gtc,0.0,1,stock,213.85000610351562,120.0,0.0
2020-10-28 09:30:00-04:00,SentimentTrader,da74d3e76f3d4d63a4ee1c63ee4176e9,MSFT,sell,trailing_stop,fill,1,gtc,0.0,1,stock,207.6699981689453,120.0,0.0
2020-10-29 09:30:00-04:00,SentimentTrader,48b197883e6d44599145e472f0117c5f,MSFT,buy,market,new,1,gtc,0.0,1,stock,,,
2020-10-29 09:30:00-04:00,SentimentTrader,6ff563d3916245b3b82539f6d29c388d,MSFT,sell,trailing_stop,new,1,gtc,0.0,1,stock,,,
2020-10-29 09:30:00-04:00,SentimentTrader,48b197883e6d44599145e472f0117c5f,MSFT,buy,market,fill,1,gtc,0.0,1,stock,204.07000732421875,125.0,0.0
2020-10-30 09:30:00-04:00,SentimentTrader,6ff563d3916245b3b82539f6d29c388d,MSFT,sell,trailing_stop,fill,1,gtc,0.0,1,stock,201.13920059204102,125.0,0.0
2020-11-02 09:30:00-05:00,SentimentTrader,29c10724a1604d9d93bde37d5f5d8b95,MSFT,buy,market,new,1,gtc,0.0,1,stock,,,
2020-11-02 09:30:00-05:00,SentimentTrader,c90883caa7de4be5b7160b723644210f,MSFT,sell,trailing_stop,new,1,gtc,0.0,1,stock,,,
2020-11-02 09:30:00-05:00,SentimentTrader,29c10724a1604d9d93bde37d5f5d8b95,MSFT,buy,market,fill,1,gtc,0.0,1,stock,204.2899932861328,124.0,0.0
2020-11-09 09:30:00-05:00,SentimentTrader,c90883caa7de4be5b7160b723644210f,MSFT,sell,trailing_stop,fill,1,gtc,0.0,1,stock,221.27639526367187,124.0,0.0
2020-11-18 09:30:00-05:00,SentimentTrader,35b387aec41d43c8b70d919b74225776,MSFT,buy,market,new,1,gtc,0.0,1,stock,,,
2020-11-18 09:30:00-05:00,SentimentTrader,4d1206bfc2ce4539844d4aca54c76f40,MSFT,sell,trailing_stop,new,1,gtc,0.0,1,stock,,,
2020-11-18 09:30:00-05:00,SentimentTrader,35b387aec41d43c8b70d919b74225776,MSFT,buy,market,fill,1,gtc,0.0,1,stock,213.64999389648438,121.0,0.0
2020-11-23 08:30:00-05:00,SentimentTrader,4d1206bfc2ce4539844d4aca54c76f40,MSFT,sell,trailing_stop,fill,1,gtc,0.0,1,stock,208.71489822387696,121.0,0.0
2020-11-23 09:30:00-05:00,SentimentTrader,0463833db8794636bc31cacb770aaecd,MSFT,buy,market,new,1,gtc,0.0,1,stock,,,
2020-11-23 09:30:00-05:00,SentimentTrader,d28007aab3024fa995910ecea0466027,MSFT,sell,trailing_stop,new,1,gtc,0.0,1,stock,,,
2020-11-23 09:30:00-05:00,SentimentTrader,0463833db8794636bc31cacb770aaecd,MSFT,buy,market,fill,1,gtc,0.0,1,stock,210.9499969482422,122.0,0.0
2020-12-10 09:30:00-05:00,SentimentTrader,d28007aab3024fa995910ecea0466027,MSFT,sell,trailing_stop,fill,1,gtc,0.0,1,stock,210.8004071044922,122.0,0.0
2020-12-11 09:30:00-05:00,SentimentTrader,ee2da9c0f2d1406f9f2e3d29a885bd0b,MSFT,buy,market,new,1,gtc,0.0,1,stock,,,
2020-12-11 09:30:00-05:00,SentimentTrader,dbf82cd7d56f4a1ca87fc6e7eeb83c36,MSFT,sell,trailing_stop,new,1,gtc,0.0,1,stock,,,
2020-12-11 09:30:00-05:00,SentimentTrader,ee2da9c0f2d1406f9f2e3d29a885bd0b,MSFT,buy,market,fill,1,gtc,0.0,1,stock,210.0500030517578,123.0,0.0
2020-12-21 09:30:00-05:00,SentimentTrader,dbf82cd7d56f4a1ca87fc6e7eeb83c36,MSFT,sell,trailing_stop,fill,1,gtc,0.0,1,stock,217.28,123.0,0.0
2020-12-22 09:30:00-05:00,SentimentTrader,90a5c8448c584875aa30e9f04c3237fa,MSFT,buy,market,new,1,gtc,0.0,1,stock,,,
2020-12-22 09:30:00-05:00,SentimentTrader,2e27c0451cf9485daf10f90fec918e47,MSFT,sell,trailing_stop,new,1,gtc,0.0,1,stock,,,
2020-12-22 09:30:00-05:00,SentimentTrader,90a5c8448c584875aa30e9f04c3237fa,MSFT,buy,market,fill,1,gtc,0.0,1,stock,222.69000244140625,117.0,0.0
2020-12-31 09:30:00-05:00,SentimentTrader,2e27c0451cf9485daf10f90fec918e47,MSFT,sell,trailing_stop,fill,1,gtc,0.0,1,stock,220.3645928955078,117.0,0.0
2021-01-27 09:30:00-05:00,SentimentTrader,de5b3833eaff4cd5b3c9a7d9f6f57b0d,MSFT,buy,market,new,1,gtc,0.0,1,stock,,,
2021-01-27 09:30:00-05:00,SentimentTrader,d61c032ed78c468da47f2d342d3c0934,MSFT,sell,trailing_stop,new,1,gtc,0.0,1,stock,,,
2021-01-27 09:30:00-05:00,SentimentTrader,de5b3833eaff4cd5b3c9a7d9f6f57b0d,MSFT,buy,market,fill,1,gtc,0.0,1,stock,238.0,109.0,0.0
2021-01-29 09:30:00-05:00,SentimentTrader,d61c032ed78c468da47f2d342d3c0934,MSFT,sell,trailing_stop,fill,1,gtc,0.0,1,stock,235.36079940795898,109.0,0.0
2021-02-01 09:30:00-05:00,SentimentTrader,bb5936d14570410abfe4d5a22ba91de3,MSFT,buy,market,new,1,gtc,0.0,1,stock,,,
2021-02-01 09:30:00-05:00,SentimentTrader,077d6070b483457494d7b0a05d2c9fda,MSFT,sell,trailing_stop,new,1,gtc,0.0,1,stock,,,
2021-02-01 09:30:00-05:00,SentimentTrader,bb5936d14570410abfe4d5a22ba91de3,MSFT,buy,market,fill,1,gtc,0.0,1,stock,235.05999755859375,110.0,0.0
2021-02-22 08:30:00-05:00,SentimentTrader,077d6070b483457494d7b0a05d2c9fda,MSFT,sell,trailing_stop,fill,1,gtc,0.0,1,stock,237.4199981689453,110.0,0.0
2021-04-01 09:30:00-04:00,SentimentTrader,b18a86e94eff48a5ad311200ad535e7c,MSFT,buy,market,new,1,gtc,0.0,1,stock,,,
2021-04-01 09:30:00-04:00,SentimentTrader,de44335e0428410388b30954eb1a359c,MSFT,sell,trailing_stop,new,1,gtc,0.0,1,stock,,,
2021-04-01 09:30:00-04:00,SentimentTrader,b18a86e94eff48a5ad311200ad535e7c,MSFT,buy,market,fill,1,gtc,0.0,1,stock,238.47000122070312,108.0,0.0
2021-04-21 09:30:00-04:00,SentimentTrader,de44335e0428410388b30954eb1a359c,MSFT,sell,trailing_stop,canceled,1,gtc,0.0,1,stock,,,
2021-04-21 09:30:00-04:00,SentimentTrader,c45e951764f14d93af319803eca30c3b,MSFT,sell,market,new,1,day,0.0,1,stock,,,
2021-04-21 09:30:00-04:00,SentimentTrader,c45e951764f14d93af319803eca30c3b,MSFT,sell,market,fill,1,day,0.0,1,stock,258.94000244140625,108.0,0.0
2021-04-28 09:30:00-04:00,SentimentTrader,0acda50ffde54c30b7b91170df8f3d32,MSFT,buy,market,new,1,gtc,0.0,1,stock,,,
2021-04-28 09:30:00-04:00,SentimentTrader,47553b1e4ea6409183727592521d07e5,MSFT,sell,trailing_stop,new,1,gtc,0.0,1,stock,,,
2021-04-28 09:30:00-04:00,SentimentTrader,0acda50ffde54c30b7b91170df8f3d32,MSFT,buy,market,fill,1,gtc,0.0,1,stock,256.0799865722656,103.0,0.0
2021-05-04 09:30:00-04:00,SentimentTrader,47553b1e4ea6409183727592521d07e5,MSFT,sell,trailing_stop,fill,1,gtc,0.0,1,stock,248.84380828857422,103.0,0.0
2021-05-25 09:30:00-04:00,SentimentTrader,78f103249c874865a9030680b539a999,MSFT,buy,market,new,1,gtc,0.0,1,stock,,,
2021-05-25 09:30:00-04:00,SentimentTrader,73459b1515d449f38a72ff8f6030b675,MSFT,sell,trailing_stop,new,1,gtc,0.0,1,stock,,,
2021-05-25 09:30:00-04:00,SentimentTrader,78f103249c874865a9030680b539a999,MSFT,buy,market,fill,1,gtc,0.0,1,stock,251.77000427246094,104.0,0.0
2021-06-03 09:30:00-04:00,SentimentTrader,73459b1515d449f38a72ff8f6030b675,MSFT,sell,trailing_stop,fill,1,gtc,0.0,1,stock,245.22000122070312,104.0,0.0
2021-06-11 09:30:00-04:00,SentimentTrader,f513a32e93004788a4bb598e9b321cca,MSFT,buy,market,new,1,gtc,0.0,1,stock,,,
2021-06-11 09:30:00-04:00,SentimentTrader,dc09971140bc4b9e9ffd8aad83625b18,MSFT,sell,trailing_stop,new,1,gtc,0.0,1,stock,,,
2021-06-11 09:30:00-04:00,SentimentTrader,f513a32e93004788a4bb598e9b321cca,MSFT,buy,market,fill,1,gtc,0.0,1,stock,257.989990234375,101.0,0.0
2021-07-19 08:30:00-04:00,SentimentTrader,dc09971140bc4b9e9ffd8aad83625b18,MSFT,sell,trailing_stop,fill,1,gtc,0.0,1,stock,275.57700592041016,101.0,0.0
2021-07-23 09:30:00-04:00,SentimentTrader,9ef3b9861860485388de6f38026b3c3b,MSFT,buy,market,new,1,gtc,0.0,1,stock,,,
2021-07-23 09:30:00-04:00,SentimentTrader,3451ba2651974ded91ac03481c6d06c8,MSFT,sell,trailing_stop,new,1,gtc,0.0,1,stock,,,
2021-07-23 09:30:00-04:00,SentimentTrader,9ef3b9861860485388de6f38026b3c3b,MSFT,buy,market,fill,1,gtc,0.0,1,stock,287.3699951171875,92.0,0.0
2021-09-10 09:30:00-04:00,SentimentTrader,3451ba2651974ded91ac03481c6d06c8,MSFT,sell,trailing_stop,fill,1,gtc,0.0,1,stock,296.6647964477539,92.0,0.0
2021-09-17 09:30:00-04:00,SentimentTrader,89e2a15d65f74c279d9f05b242434ff7,MSFT,buy,market,new,1,gtc,0.0,1,stock,,,
2021-09-17 09:30:00-04:00,SentimentTrader,4d0dc0c019dc418687c5a3cd57188a06,MSFT,sell,trailing_stop,new,1,gtc,0.0,1,stock,,,
2021-09-17 09:30:00-04:00,SentimentTrader,89e2a15d65f74c279d9f05b242434ff7,MSFT,buy,market,fill,1,gtc,0.0,1,stock,304.1700134277344,88.0,0.0
2021-09-20 08:30:00-04:00,SentimentTrader,4d0dc0c019dc418687c5a3cd57188a06,MSFT,sell,trailing_stop,fill,1,gtc,0.0,1,stock,295.365,88.0,0.0
2021-09-20 09:30:00-04:00,SentimentTrader,b37dbb1dadb34a67bfa3653aba025c00,MSFT,buy,market,new,1,gtc,0.0,1,stock,,,
2021-09-20 09:30:00-04:00,SentimentTrader,11b6d2669f6b4400a4c2ee9c47d23621,MSFT,sell,trailing_stop,new,1,gtc,0.0,1,stock,,,
2021-09-20 09:30:00-04:00,SentimentTrader,b37dbb1dadb34a67bfa3653aba025c00,MSFT,buy,market,fill,1,gtc,0.0,1,stock,296.3299865722656,89.0,0.0
2021-09-28 09:30:00-04:00,SentimentTrader,11b6d2669f6b4400a4c2ee9c47d23621,MSFT,sell,trailing_stop,fill,1,gtc,0.0,1,stock,289.79998779296875,89.0,0.0
2021-09-29 09:30:00-04:00,SentimentTrader,4840de959b84485babf626575cea340c,MSFT,buy,market,new,1,gtc,0.0,1,stock,,,
2021-09-29 09:30:00-04:00,SentimentTrader,182f9dc92a83413881d7b8781236b74d,MSFT,sell,trailing_stop,new,1,gtc,0.0,1,stock,,,
2021-09-29 09:30:00-04:00,SentimentTrader,4840de959b84485babf626575cea340c,MSFT,buy,market,fill,1,gtc,0.0,1,stock,285.1000061035156,92.0,0.0
2021-10-04 08:30:00-04:00,SentimentTrader,182f9dc92a83413881d7b8781236b74d,MSFT,sell,trailing_stop,fill,1,gtc,0.0,1,stock,281.28061065673825,92.0,0.0
2021-10-04 09:30:00-04:00,SentimentTrader,6bc053010fbb4954a1fcef8360992571,MSFT,buy,market,new,1,gtc,0.0,1,stock,,,
2021-10-04 09:30:00-04:00,SentimentTrader,e7fc02b771c64353b20cd92d7eb4f2b8,MSFT,sell,trailing_stop,new,1,gtc,0.0,1,stock,,,
2021-10-04 09:30:00-04:00,SentimentTrader,6bc053010fbb4954a1fcef8360992571,MSFT,buy,market,fill,1,gtc,0.0,1,stock,287.3999938964844,91.0,0.0
2021-10-07 09:30:00-04:00,SentimentTrader,e7fc02b771c64353b20cd92d7eb4f2b8,MSFT,sell,trailing_stop,canceled,1,gtc,0.0,1,stock,,,
2021-10-07 09:30:00-04:00,SentimentTrader,a2aca56c311847cdb1ee8818d14e811f,MSFT,sell,market,new,1,day,0.0,1,stock,,,
2021-10-07 09:30:00-04:00,SentimentTrader,a2aca56c311847cdb1ee8818d14e811f,MSFT,sell,market,fill,1,day,0.0,1,stock,295.17999267578125,91.0,0.0
2021-10-11 09:30:00-04:00,SentimentTrader,905e569e817f40199044667cf781c848,MSFT,buy,market,new,1,gtc,0.0,1,stock,,,
2021-10-11 09:30:00-04:00,SentimentTrader,d7df31f9fde2439784095d7108967213,MSFT,sell,trailing_stop,new,1,gtc,0.0,1,stock,,,
2021-10-11 09:30:00-04:00,SentimentTrader,905e569e817f40199044667cf781c848,MSFT,buy,market,fill,1,gtc,0.0,1,stock,292.9200134277344,90.0,0.0
2021-11-23 09:30:00-05:00,SentimentTrader,d7df31f9fde2439784095d7108967213,MSFT,sell,trailing_stop,fill,1,gtc,0.0,1,stock,337.04998779296875,90.0,0.0
2021-11-24 09:30:00-05:00,SentimentTrader,4ac47c894d024c349a8cf7d0ead14011,MSFT,buy,market,new,1,gtc,0.0,1,stock,,,
2021-11-24 09:30:00-05:00,SentimentTrader,36c2a9c0344d4c6fb6177e1a1210841a,MSFT,sell,trailing_stop,new,1,gtc,0.0,1,stock,,,
2021-11-24 09:30:00-05:00,SentimentTrader,4ac47c894d024c349a8cf7d0ead14011,MSFT,buy,market,fill,1,gtc,0.0,1,stock,336.2799987792969,82.0,0.0
2021-12-02 09:30:00-05:00,SentimentTrader,36c2a9c0344d4c6fb6177e1a1210841a,MSFT,sell,trailing_stop,fill,1,gtc,0.0,1,stock,329.10159881591795,82.0,0.0
2021-12-09 09:30:00-05:00,SentimentTrader,1ba0da7a23f04397a921b2c1e5c59c3f,MSFT,buy,market,new,1,gtc,0.0,1,stock,,,
2021-12-09 09:30:00-05:00,SentimentTrader,bd62af2ee4a145ce97df0dab06739a4c,MSFT,sell,trailing_stop,new,1,gtc,0.0,1,stock,,,
2021-12-09 09:30:00-05:00,SentimentTrader,1ba0da7a23f04397a921b2c1e5c59c3f,MSFT,buy,market,fill,1,gtc,0.0,1,stock,334.4100036621094,82.0,0.0
2021-12-14 09:30:00-05:00,SentimentTrader,bd62af2ee4a145ce97df0dab06739a4c,MSFT,sell,trailing_stop,fill,1,gtc,0.0,1,stock,333.2200012207031,82.0,0.0
2022-01-21 09:30:00-05:00,SentimentTrader,87d971e3405b41dfa159c412a611b159,MSFT,buy,market,new,1,gtc,0.0,1,stock,,,
2022-01-21 09:30:00-05:00,SentimentTrader,13bca4ec40f943458da2835f2c668410,MSFT,sell,trailing_stop,new,1,gtc,0.0,1,stock,,,
2022-01-21 09:30:00-05:00,SentimentTrader,87d971e3405b41dfa159c412a611b159,MSFT,buy,market,fill,1,gtc,0.0,1,stock,302.69000244140625,90.0,0.0
2022-01-24 08:30:00-05:00,SentimentTrader,13bca4ec40f943458da2835f2c668410,MSFT,sell,trailing_stop,fill,1,gtc,0.0,1,stock,292.20001220703125,90.0,0.0
2022-01-24 09:30:00-05:00,SentimentTrader,195adfb419014f0789103924850b6d59,MSFT,buy,market,new,1,gtc,0.0,1,stock,,,
2022-01-24 09:30:00-05:00,SentimentTrader,0af5bce86cc74344bf8fdb5a7dd864d8,MSFT,sell,trailing_stop,new,1,gtc,0.0,1,stock,,,
2022-01-24 09:30:00-05:00,SentimentTrader,195adfb419014f0789103924850b6d59,MSFT,buy,market,fill,1,gtc,0.0,1,stock,292.20001220703125,93.0,0.0
2022-01-25 09:30:00-05:00,SentimentTrader,0af5bce86cc74344bf8fdb5a7dd864d8,MSFT,sell,trailing_stop,fill,1,gtc,0.0,1,stock,288.1966857910156,93.0,0.0
2022-01-27 09:30:00-05:00,SentimentTrader,971b918c91f340e28bd3f12b6f4284bd,MSFT,buy,market,new,1,gtc,0.0,1,stock,,,
2022-01-27 09:30:00-05:00,SentimentTrader,7df3e0155e2a45d3907267d1cabbf897,MSFT,sell,trailing_stop,new,1,gtc,0.0,1,stock,,,
2022-01-27 09:30:00-05:00,SentimentTrader,971b918c91f340e28bd3f12b6f4284bd,MSFT,buy,market,fill,1,gtc,0.0,1,stock,302.6600036621094,89.0,0.0
2022-01-28 09:30:00-05:00,SentimentTrader,7df3e0155e2a45d3907267d1cabbf897,MSFT,sell,trailing_stop,fill,1,gtc,0.0,1,stock,298.0809881591797,89.0,0.0
2022-02-01 09:30:00-05:00,SentimentTrader,08c73faeb8174d2c868fa7620fae5eb4,MSFT,buy,market,new,1,gtc,0.0,1,stock,,,
2022-02-01 09:30:00-05:00,SentimentTrader,922a876da16644c38556eb848d5421a6,MSFT,sell,trailing_stop,new,1,gtc,0.0,1,stock,,,
2022-02-01 09:30:00-05:00,SentimentTrader,08c73faeb8174d2c868fa7620fae5eb4,MSFT,buy,market,fill,1,gtc,0.0,1,stock,310.4100036621094,86.0,0.0
2022-02-03 09:30:00-05:00,SentimentTrader,922a876da16644c38556eb848d5421a6,MSFT,sell,trailing_stop,fill,1,gtc,0.0,1,stock,305.66639526367186,86.0,0.0
2022-02-15 09:30:00-05:00,SentimentTrader,9b107891c2c84326baf8db01c158cbea,MSFT,buy,market,new,1,gtc,0.0,1,stock,,,
2022-02-15 09:30:00-05:00,SentimentTrader,c6df1949a0ab44e797e74f67752e2f4e,MSFT,sell,trailing_stop,new,1,gtc,0.0,1,stock,,,
2022-02-15 09:30:00-05:00,SentimentTrader,9b107891c2c84326baf8db01c158cbea,MSFT,buy,market,fill,1,gtc,0.0,1,stock,300.010009765625,89.0,0.0
2022-02-17 09:30:00-05:00,SentimentTrader,c6df1949a0ab44e797e74f67752e2f4e,MSFT,sell,trailing_stop,fill,1,gtc,0.0,1,stock,291.84389526367187,89.0,0.0
2022-03-02 09:30:00-05:00,SentimentTrader,c2d0b3c4fac3416f8e86196f9d8d1929,MSFT,buy,market,new,1,gtc,0.0,1,stock,,,
2022-03-02 09:30:00-05:00,SentimentTrader,2e2d2f6b97c04c9c8b6556aa4039ebad,MSFT,sell,trailing_stop,new,1,gtc,0.0,1,stock,,,
2022-03-02 09:30:00-05:00,SentimentTrader,c2d0b3c4fac3416f8e86196f9d8d1929,MSFT,buy,market,fill,1,gtc,0.0,1,stock,295.3599853515625,90.0,0.0
2022-03-04 09:30:00-05:00,SentimentTrader,2e2d2f6b97c04c9c8b6556aa4039ebad,MSFT,sell,trailing_stop,fill,1,gtc,0.0,1,stock,294.0361047363281,90.0,0.0
2022-03-18 09:30:00-04:00,SentimentTrader,cedfe7f9d89f4c85905528f219242182,MSFT,buy,market,new,1,gtc,0.0,1,stock,,,
2022-03-18 09:30:00-04:00,SentimentTrader,5b335942e42e45429fee27f2d8a49280,MSFT,sell,trailing_stop,new,1,gtc,0.0,1,stock,,,
2022-03-18 09:30:00-04:00,SentimentTrader,cedfe7f9d89f4c85905528f219242182,MSFT,buy,market,fill,1,gtc,0.0,1,stock,295.3699951171875,90.0,0.0
2022-04-01 09:30:00-04:00,SentimentTrader,5b335942e42e45429fee27f2d8a49280,MSFT,sell,trailing_stop,fill,1,gtc,0.0,1,stock,306.4715118408203,90.0,0.0
2022-04-28 09:30:00-04:00,SentimentTrader,859ec2ae8b594abf8cb196207c506b6f,MSFT,buy,market,new,1,gtc,0.0,1,stock,,,
2022-04-28 09:30:00-04:00,SentimentTrader,13168d464dcb4c73b69a12e55082735c,MSFT,sell,trailing_stop,new,1,gtc,0.0,1,stock,,,
2022-04-28 09:30:00-04:00,SentimentTrader,859ec2ae8b594abf8cb196207c506b6f,MSFT,buy,market,fill,1,gtc,0.0,1,stock,285.19000244140625,94.0,0.0
2022-04-29 09:30:00-04:00,SentimentTrader,13168d464dcb4c73b69a12e55082735c,MSFT,sell,trailing_stop,fill,1,gtc,0.0,1,stock,282.2506106567383,94.0,0.0
2022-06-22 09:30:00-04:00,SentimentTrader,93a03af6634b4e068e0a15af948da0b6,MSFT,buy,market,new,1,gtc,0.0,1,stock,,,
2022-06-22 09:30:00-04:00,SentimentTrader,3a4d8a6b1efa456e8eb8f7abdfa874fe,MSFT,sell,trailing_stop,new,1,gtc,0.0,1,stock,,,
2022-06-22 09:30:00-04:00,SentimentTrader,93a03af6634b4e068e0a15af948da0b6,MSFT,buy,market,fill,1,gtc,0.0,1,stock,251.88999938964844,106.0,0.0
2022-06-28 09:30:00-04:00,SentimentTrader,3a4d8a6b1efa456e8eb8f7abdfa874fe,MSFT,sell,trailing_stop,fill,1,gtc,0.0,1,stock,260.25098815917966,106.0,0.0
2022-08-03 09:30:00-04:00,SentimentTrader,0ccd1f9cba7646bb83381935e4b4a12e,MSFT,buy,market,new,1,gtc,0.0,1,stock,,,
2022-08-03 09:30:00-04:00,SentimentTrader,5f1fe16a7bc24c0dbf28f762fc9fa535,MSFT,sell,trailing_stop,new,1,gtc,0.0,1,stock,,,
2022-08-03 09:30:00-04:00,SentimentTrader,0ccd1f9cba7646bb83381935e4b4a12e,MSFT,buy,market,fill,1,gtc,0.0,1,stock,276.760009765625,97.0,0.0
2022-08-22 08:30:00-04:00,SentimentTrader,5f1fe16a7bc24c0dbf28f762fc9fa535,MSFT,sell,trailing_stop,fill,1,gtc,0.0,1,stock,282.0799865722656,97.0,0.0
2022-08-22 09:30:00-04:00,SentimentTrader,91df0fdafdd6497fbd77f874f3a480d3,MSFT,buy,market,new,1,gtc,0.0,1,stock,,,
2022-08-22 09:30:00-04:00,SentimentTrader,43e57d2e1e4d48ff8c63d7d481d30f40,MSFT,sell,trailing_stop,new,1,gtc,0.0,1,stock,,,
2022-08-22 09:30:00-04:00,SentimentTrader,91df0fdafdd6497fbd77f874f3a480d3,MSFT,buy,market,fill,1,gtc,0.0,1,stock,282.0799865722656,96.0,0.0
2022-08-26 09:30:00-04:00,SentimentTrader,43e57d2e1e4d48ff8c63d7d481d30f40,MSFT,sell,trailing_stop,fill,1,gtc,0.0,1,stock,273.98619171142576,96.0,0.0
2022-08-29 09:30:00-04:00,SentimentTrader,0370e872cc654720a1b4132bdbe9bd30,MSFT,buy,market,new,1,gtc,0.0,1,stock,,,
2022-08-29 09:30:00-04:00,SentimentTrader,07d64520388a4574845d92035eab88bd,MSFT,sell,trailing_stop,new,1,gtc,0.0,1,stock,,,
2022-08-29 09:30:00-04:00,SentimentTrader,0370e872cc654720a1b4132bdbe9bd30,MSFT,buy,market,fill,1,gtc,0.0,1,stock,265.8500061035156,101.0,0.0
2022-09-01 09:30:00-04:00,SentimentTrader,07d64520388a4574845d92035eab88bd,MSFT,sell,trailing_stop,fill,1,gtc,0.0,1,stock,258.8699951171875,101.0,0.0
2022-09-02 09:30:00-04:00,SentimentTrader,b0c6713fcd1644af95fc6b0c70e8110e,MSFT,buy,market,new,1,gtc,0.0,1,stock,,,
2022-09-02 09:30:00-04:00,SentimentTrader,bc374c6445874ddc8b057002592001ef,MSFT,sell,trailing_stop,new,1,gtc,0.0,1,stock,,,
2022-09-02 09:30:00-04:00,SentimentTrader,b0c6713fcd1644af95fc6b0c70e8110e,MSFT,buy,market,fill,1,gtc,0.0,1,stock,261.70001220703125,102.0,0.0
2022-09-03 09:30:00-04:00,SentimentTrader,bc374c6445874ddc8b057002592001ef,MSFT,sell,trailing_stop,fill,1,gtc,0.0,1,stock,256.79779052734375,102.0,0.0
2022-09-27 09:30:00-04:00,SentimentTrader,8dd6b1e14e14476d8ed774b07257b9e2,MSFT,buy,market,new,1,gtc,0.0,1,stock,,,
2022-09-27 09:30:00-04:00,SentimentTrader,3b273200e0b34269a82bd9016dbe8c01,MSFT,sell,trailing_stop,new,1,gtc,0.0,1,stock,,,
2022-09-27 09:30:00-04:00,SentimentTrader,8dd6b1e14e14476d8ed774b07257b9e2,MSFT,buy,market,fill,1,gtc,0.0,1,stock,239.97999572753906,111.0,0.0
2022-09-29 09:30:00-04:00,SentimentTrader,3b273200e0b34269a82bd9016dbe8c01,MSFT,sell,trailing_stop,fill,1,gtc,0.0,1,stock,235.06010177612305,111.0,0.0
2022-09-30 09:30:00-04:00,SentimentTrader,7898a7d44a67423fafc996a6bf31fb16,MSFT,buy,market,new,1,gtc,0.0,1,stock,,,
2022-09-30 09:30:00-04:00,SentimentTrader,2aa74cfc5059409cb8deb9e789df3cef,MSFT,sell,trailing_stop,new,1,gtc,0.0,1,stock,,,
2022-09-30 09:30:00-04:00,SentimentTrader,7898a7d44a67423fafc996a6bf31fb16,MSFT,buy,market,fill,1,gtc,0.0,1,stock,238.2899932861328,111.0,0.0
2022-10-01 09:30:00-04:00,SentimentTrader,2aa74cfc5059409cb8deb9e789df3cef,MSFT,sell,trailing_stop,fill,1,gtc,0.0,1,stock,233.3237934875488,111.0,0.0
2022-10-03 09:30:00-04:00,SentimentTrader,3cf9ba41af1d4863b8a845890aec4436,MSFT,buy,market,new,1,gtc,0.0,1,stock,,,
2022-10-03 09:30:00-04:00,SentimentTrader,0217b2f723d24a299f3c2b5eb8e32a01,MSFT,sell,trailing_stop,new,1,gtc,0.0,1,stock,,,
2022-10-03 09:30:00-04:00,SentimentTrader,3cf9ba41af1d4863b8a845890aec4436,MSFT,buy,market,fill,1,gtc,0.0,1,stock,235.41000366210938,112.0,0.0
2022-10-07 09:30:00-04:00,SentimentTrader,0217b2f723d24a299f3c2b5eb8e32a01,MSFT,sell,trailing_stop,fill,1,gtc,0.0,1,stock,240.89999389648438,112.0,0.0
2022-11-04 09:30:00-04:00,SentimentTrader,a9168756364146aeb30ae6c447ab3d5a,MSFT,buy,market,new,1,gtc,0.0,1,stock,,,
2022-11-04 09:30:00-04:00,SentimentTrader,5441df68609c45248983934b6a42316c,MSFT,sell,trailing_stop,new,1,gtc,0.0,1,stock,,,
2022-11-04 09:30:00-04:00,SentimentTrader,a9168756364146aeb30ae6c447ab3d5a,MSFT,buy,market,fill,1,gtc,0.0,1,stock,217.5500030517578,122.0,0.0
2022-11-05 09:30:00-04:00,SentimentTrader,5441df68609c45248983934b6a42316c,MSFT,sell,trailing_stop,fill,1,gtc,0.0,1,stock,214.9422964477539,122.0,0.0
2022-11-07 09:30:00-05:00,SentimentTrader,b46e3d18d58b47eda16842e4c0205408,MSFT,buy,market,new,1,gtc,0.0,1,stock,,,
2022-11-07 09:30:00-05:00,SentimentTrader,49ec2493f56544a79da928566c77665b,MSFT,sell,trailing_stop,new,1,gtc,0.0,1,stock,,,
2022-11-07 09:30:00-05:00,SentimentTrader,b46e3d18d58b47eda16842e4c0205408,MSFT,buy,market,fill,1,gtc,0.0,1,stock,221.99000549316406,119.0,0.0
2022-11-08 09:30:00-05:00,SentimentTrader,49ec2493f56544a79da928566c77665b,MSFT,sell,trailing_stop,canceled,1,gtc,0.0,1,stock,,,
2022-11-08 09:30:00-05:00,SentimentTrader,e25f577017434c2da6f2789f7b773c1a,MSFT,sell,market,new,1,day,0.0,1,stock,,,
2022-11-08 09:30:00-05:00,SentimentTrader,e25f577017434c2da6f2789f7b773c1a,MSFT,sell,market,fill,1,day,0.0,1,stock,228.6999969482422,119.0,0.0
2022-11-09 09:30:00-05:00,SentimentTrader,dfa2b69d2a3a43708f735f9af65e8a6e,MSFT,buy,market,new,1,gtc,0.0,1,stock,,,
2022-11-09 09:30:00-05:00,SentimentTrader,c20f0eb666d0449fbb258ea0a2e36611,MSFT,sell,trailing_stop,new,1,gtc,0.0,1,stock,,,
2022-11-09 09:30:00-05:00,SentimentTrader,dfa2b69d2a3a43708f735f9af65e8a6e,MSFT,buy,market,fill,1,gtc,0.0,1,stock,227.3699951171875,117.0,0.0
2022-11-14 08:30:00-05:00,SentimentTrader,c20f0eb666d0449fbb258ea0a2e36611,MSFT,sell,trailing_stop,fill,1,gtc,0.0,1,stock,240.55030532836912,117.0,0.0
2022-11-14 09:30:00-05:00,SentimentTrader,241357363577494cb42966c0d9065061,MSFT,buy,market,new,1,gtc,0.0,1,stock,,,
2022-11-14 09:30:00-05:00,SentimentTrader,0e1d56b6f4214df09892c34ff264cddc,MSFT,sell,trailing_stop,new,1,gtc,0.0,1,stock,,,
2022-11-14 09:30:00-05:00,SentimentTrader,241357363577494cb42966c0d9065061,MSFT,buy,market,fill,1,gtc,0.0,1,stock,241.99000549316406,111.0,0.0
2022-11-17 09:30:00-05:00,SentimentTrader,0e1d56b6f4214df09892c34ff264cddc,MSFT,sell,trailing_stop,fill,1,gtc,0.0,1,stock,237.77999877929688,111.0,0.0
2023-01-13 09:30:00-05:00,SentimentTrader,959ac77d14e7442bb16ae68e94ecd072,MSFT,buy,market,new,1,gtc,0.0,1,stock,,,
2023-01-13 09:30:00-05:00,SentimentTrader,d913d0ff3aca4e5fb7dd8b9226419654,MSFT,sell,trailing_stop,new,1,gtc,0.0,1,stock,,,
2023-01-13 09:30:00-05:00,SentimentTrader,959ac77d14e7442bb16ae68e94ecd072,MSFT,buy,market,fill,1,gtc,0.0,1,stock,237.0,113.0,0.0
2023-01-19 09:30:00-05:00,SentimentTrader,d913d0ff3aca4e5fb7dd8b9226419654,MSFT,sell,trailing_stop,fill,1,gtc,0.0,1,stock,233.77999877929688,113.0,0.0
2023-02-23 09:30:00-05:00,SentimentTrader,385e12d1d0474f7c894f887e1bcda680,MSFT,buy,market,new,1,gtc,0.0,1,stock,,,
2023-02-23 09:30:00-05:00,SentimentTrader,a4ad7f754ca24851866538cebf91cb9d,MSFT,sell,trailing_stop,new,1,gtc,0.0,1,stock,,,
2023-02-23 09:30:00-05:00,SentimentTrader,385e12d1d0474f7c894f887e1bcda680,MSFT,buy,market,fill,1,gtc,0.0,1,stock,255.55999755859375,105.0,0.0
2023-02-24 09:30:00-05:00,SentimentTrader,a4ad7f754ca24851866538cebf91cb9d,MSFT,sell,trailing_stop,fill,1,gtc,0.0,1,stock,249.1347964477539,105.0,0.0
2023-02-27 09:30:00-05:00,SentimentTrader,6c21b64fbea84aeca3ab7f214ed3ae46,MSFT,buy,market,new,1,gtc,0.0,1,stock,,,
2023-02-27 09:30:00-05:00,SentimentTrader,78b9133c2692427886890649d6794d34,MSFT,sell,trailing_stop,new,1,gtc,0.0,1,stock,,,
2023-02-27 09:30:00-05:00,SentimentTrader,6c21b64fbea84aeca3ab7f214ed3ae46,MSFT,buy,market,fill,1,gtc,0.0,1,stock,252.4600067138672,105.0,0.0
2023-03-08 09:30:00-05:00,SentimentTrader,78b9133c2692427886890649d6794d34,MSFT,sell,trailing_stop,fill,1,gtc,0.0,1,stock,252.31639526367186,105.0,0.0
2023-03-15 09:30:00-04:00,SentimentTrader,a519fef728ab4ecd90a0b5464f6fc3a1,MSFT,buy,market,new,1,gtc,0.0,1,stock,,,
2023-03-15 09:30:00-04:00,SentimentTrader,3caa7936940248e48d9651188d92072e,MSFT,sell,trailing_stop,new,1,gtc,0.0,1,stock,,,
2023-03-15 09:30:00-04:00,SentimentTrader,a519fef728ab4ecd90a0b5464f6fc3a1,MSFT,buy,market,fill,1,gtc,0.0,1,stock,259.9800109863281,102.0,0.0
2023-03-20 08:30:00-04:00,SentimentTrader,3caa7936940248e48d9651188d92072e,MSFT,sell,trailing_stop,fill,1,gtc,0.0,1,stock,274.83008697509763,102.0,0.0
2023-03-20 09:30:00-04:00,SentimentTrader,4ac913303ef34707b74f964a1064016e,MSFT,buy,market,new,1,gtc,0.0,1,stock,,,
2023-03-20 09:30:00-04:00,SentimentTrader,3a9f5178a51644ca9be46c185d09a9ca,MSFT,sell,trailing_stop,new,1,gtc,0.0,1,stock,,,
2023-03-20 09:30:00-04:00,SentimentTrader,4ac913303ef34707b74f964a1064016e,MSFT,buy,market,fill,1,gtc,0.0,1,stock,276.9800109863281,97.0,0.0
2023-03-28 09:30:00-04:00,SentimentTrader,3a9f5178a51644ca9be46c185d09a9ca,MSFT,sell,trailing_stop,fill,1,gtc,0.0,1,stock,273.0161917114258,97.0,0.0
2023-03-29 09:30:00-04:00,SentimentTrader,dee38177806c484caa6ac92843d30119,MSFT,buy,market,new,1,gtc,0.0,1,stock,,,
2023-03-29 09:30:00-04:00,SentimentTrader,40ff7f7eb8e44d96889e761d4f90e6e3,MSFT,sell,trailing_stop,new,1,gtc,0.0,1,stock,,,
2023-03-29 09:30:00-04:00,SentimentTrader,dee38177806c484caa6ac92843d30119,MSFT,buy,market,fill,1,gtc,0.0,1,stock,278.9599914550781,96.0,0.0
2023-04-07 09:30:00-04:00,SentimentTrader,40ff7f7eb8e44d96889e761d4f90e6e3,MSFT,sell,trailing_stop,fill,1,gtc,0.0,1,stock,283.2099914550781,96.0,0.0
2023-04-10 09:30:00-04:00,SentimentTrader,085a0105d7b94a19958e7d408d5ab57f,MSFT,buy,market,new,1,gtc,0.0,1,stock,,,
2023-04-10 09:30:00-04:00,SentimentTrader,c0888630bb5a4d92ac73d07a50b9c0a6,MSFT,sell,trailing_stop,new,1,gtc,0.0,1,stock,,,
2023-04-10 09:30:00-04:00,SentimentTrader,085a0105d7b94a19958e7d408d5ab57f,MSFT,buy,market,fill,1,gtc,0.0,1,stock,289.2099914550781,93.0,0.0
2023-04-24 08:30:00-04:00,SentimentTrader,c0888630bb5a4d92ac73d07a50b9c0a6,MSFT,sell,trailing_stop,fill,1,gtc,0.0,1,stock,282.0899963378906,93.0,0.0
2023-04-24 09:30:00-04:00,SentimentTrader,ca0c70655a6f4bf5a7885f234d4a69de,MSFT,buy,market,new,1,gtc,0.0,1,stock,,,
2023-04-24 09:30:00-04:00,SentimentTrader,662b7727b3694f22bb4af88d7aff3c07,MSFT,sell,trailing_stop,new,1,gtc,0.0,1,stock,,,
2023-04-24 09:30:00-04:00,SentimentTrader,ca0c70655a6f4bf5a7885f234d4a69de,MSFT,buy,market,fill,1,gtc,0.0,1,stock,282.0899963378906,95.0,0.0
2023-04-25 09:30:00-04:00,SentimentTrader,662b7727b3694f22bb4af88d7aff3c07,MSFT,sell,trailing_stop,fill,1,gtc,0.0,1,stock,276.4015118408203,95.0,0.0
2023-04-26 09:30:00-04:00,SentimentTrader,8e2610051529470bb9e59226f1606d0a,MSFT,buy,market,new,1,gtc,0.0,1,stock,,,
2023-04-26 09:30:00-04:00,SentimentTrader,1365954c1f234c1291a6b54563a1e33e,MSFT,sell,trailing_stop,new,1,gtc,0.0,1,stock,,,
2023-04-26 09:30:00-04:00,SentimentTrader,8e2610051529470bb9e59226f1606d0a,MSFT,buy,market,fill,1,gtc,0.0,1,stock,296.70001220703125,90.0,0.0
2023-05-01 09:30:00-04:00,SentimentTrader,1365954c1f234c1291a6b54563a1e33e,MSFT,sell,trailing_stop,canceled,1,gtc,0.0,1,stock,,,
2023-05-01 09:30:00-04:00,SentimentTrader,7f00d02d7d0d405c93b47cd6b2fae2db,MSFT,sell,market,new,1,day,0.0,1,stock,,,
2023-05-01 09:30:00-04:00,SentimentTrader,7f00d02d7d0d405c93b47cd6b2fae2db,MSFT,sell,market,fill,1,day,0.0,1,stock,306.9700012207031,90.0,0.0
2023-05-02 09:30:00-04:00,SentimentTrader,006414647f694cc8b775175022ff902d,MSFT,buy,market,new,1,gtc,0.0,1,stock,,,
2023-05-02 09:30:00-04:00,SentimentTrader,b4cbcd6398ea4c098078d9b09865ae04,MSFT,sell,trailing_stop,new,1,gtc,0.0,1,stock,,,
2023-05-02 09:30:00-04:00,SentimentTrader,006414647f694cc8b775175022ff902d,MSFT,buy,market,fill,1,gtc,0.0,1,stock,307.760009765625,87.0,0.0
2023-05-03 09:30:00-04:00,SentimentTrader,b4cbcd6398ea4c098078d9b09865ae04,MSFT,sell,trailing_stop,canceled,1,gtc,0.0,1,stock,,,
2023-05-03 09:30:00-04:00,SentimentTrader,6491df4f546f4a0f80c3b810403e64ef,MSFT,sell,market,new,1,day,0.0,1,stock,,,
2023-05-03 09:30:00-04:00,SentimentTrader,6491df4f546f4a0f80c3b810403e64ef,MSFT,sell,market,fill,1,day,0.0,1,stock,306.6199951171875,87.0,0.0
2023-05-24 09:30:00-04:00,SentimentTrader,14a23dc5152a4a609876d554ba5baed1,MSFT,buy,market,new,1,gtc,0.0,1,stock,,,
2023-05-24 09:30:00-04:00,SentimentTrader,4a13de3a09ff4b6daf276c1ef00462fa,MSFT,sell,trailing_stop,new,1,gtc,0.0,1,stock,,,
2023-05-24 09:30:00-04:00,SentimentTrader,14a23dc5152a4a609876d554ba5baed1,MSFT,buy,market,fill,1,gtc,0.0,1,stock,314.7300109863281,85.0,0.0
2023-05-31 09:30:00-04:00,SentimentTrader,4a13de3a09ff4b6daf276c1ef00462fa,MSFT,sell,trailing_stop,canceled,1,gtc,0.0,1,stock,,,
2023-05-31 09:30:00-04:00,SentimentTrader,37f78e89db0a46fe920ce6e82ad1ddb8,MSFT,sell,market,new,1,day,0.0,1,stock,,,
2023-05-31 09:30:00-04:00,SentimentTrader,37f78e89db0a46fe920ce6e82ad1ddb8,MSFT,sell,market,fill,1,day,0.0,1,stock,332.2900085449219,85.0,0.0
2023-07-12 09:30:00-04:00,SentimentTrader,f228ff75d7034e14986825e87d1b94b8,MSFT,buy,market,new,1,gtc,0.0,1,stock,,,
2023-07-12 09:30:00-04:00,SentimentTrader,6006fcaa10644fb880b6ba2dc5bf1979,MSFT,sell,trailing_stop,new,1,gtc,0.0,1,stock,,,
2023-07-12 09:30:00-04:00,SentimentTrader,f228ff75d7034e14986825e87d1b94b8,MSFT,buy,market,fill,1,gtc,0.0,1,stock,336.6000061035156,81.0,0.0
2023-07-14 09:30:00-04:00,SentimentTrader,6006fcaa10644fb880b6ba2dc5bf1979,MSFT,sell,trailing_stop,canceled,1,gtc,0.0,1,stock,,,
2023-07-14 09:30:00-04:00,SentimentTrader,88dea569c97547b48a815d2961bd26e5,MSFT,sell,market,new,1,day,0.0,1,stock,,,
2023-07-14 09:30:00-04:00,SentimentTrader,88dea569c97547b48a815d2961bd26e5,MSFT,sell,market,fill,1,day,0.0,1,stock,347.5899963378906,81.0,0.0
2023-08-01 09:30:00-04:00,SentimentTrader,db13f7157201477398c30ff479db5e3d,MSFT,buy,market,new,1,gtc,0.0,1,stock,,,
2023-08-01 09:30:00-04:00,SentimentTrader,83410e9d6030438fb0378b15f5172736,MSFT,sell,trailing_stop,new,1,gtc,0.0,1,stock,,,
2023-08-01 09:30:00-04:00,SentimentTrader,db13f7157201477398c30ff479db5e3d,MSFT,buy,market,fill,1,gtc,0.0,1,stock,335.19000244140625,82.0,0.0
2023-08-02 09:30:00-04:00,SentimentTrader,83410e9d6030438fb0378b15f5172736,MSFT,sell,trailing_stop,fill,1,gtc,0.0,1,stock,328.3838082885742,82.0,0.0
2023-08-17 09:30:00-04:00,SentimentTrader,8b5783ce42d54979a852e4fdf82b3952,MSFT,buy,market,new,1,gtc,0.0,1,stock,,,
2023-08-17 09:30:00-04:00,SentimentTrader,b0316640c43543ae92ef91422e8c211a,MSFT,sell,trailing_stop,new,1,gtc,0.0,1,stock,,,
2023-08-17 09:30:00-04:00,SentimentTrader,8b5783ce42d54979a852e4fdf82b3952,MSFT,buy,market,fill,1,gtc,0.0,1,stock,320.5400085449219,85.0,0.0
2023-08-18 09:30:00-04:00,SentimentTrader,b0316640c43543ae92ef91422e8c211a,MSFT,sell,trailing_stop,fill,1,gtc,0.0,1,stock,312.2138952636719,85.0,0.0
2023-08-21 09:30:00-04:00,SentimentTrader,17f21965cae944df931d9a9c5cb4809e,MSFT,buy,market,new,1,gtc,0.0,1,stock,,,
2023-08-21 09:30:00-04:00,SentimentTrader,c1ff3918760846b68eeaa2d7f894101a,MSFT,sell,trailing_stop,new,1,gtc,0.0,1,stock,,,
2023-08-21 09:30:00-04:00,SentimentTrader,17f21965cae944df931d9a9c5cb4809e,MSFT,buy,market,fill,1,gtc,0.0,1,stock,317.92999267578125,85.0,0.0
2023-08-24 09:30:00-04:00,SentimentTrader,c1ff3918760846b68eeaa2d7f894101a,MSFT,sell,trailing_stop,canceled,1,gtc,0.0,1,stock,,,
2023-08-24 09:30:00-04:00,SentimentTrader,3dace36ebdbe43e48a0c3e41a82d248b,MSFT,sell,market,new,1,day,0.0,1,stock,,,
2023-08-24 09:30:00-04:00,SentimentTrader,3dace36ebdbe43e48a0c3e41a82d248b,MSFT,sell,market,fill,1,day,0.0,1,stock,332.8500061035156,85.0,0.0
2023-09-01 09:30:00-04:00,SentimentTrader,242003dd9136486a81ccbbf7d156f411,MSFT,buy,market,new,1,gtc,0.0,1,stock,,,
2023-09-01 09:30:00-04:00,SentimentTrader,ca096869cf474b64936aa04e68478ab0,MSFT,sell,trailing_stop,new,1,gtc,0.0,1,stock,,,
2023-09-01 09:30:00-04:00,SentimentTrader,242003dd9136486a81ccbbf7d156f411,MSFT,buy,market,fill,1,gtc,0.0,1,stock,331.30999755859375,83.0,0.0
2023-09-11 09:30:00-04:00,SentimentTrader,ca096869cf474b64936aa04e68478ab0,MSFT,sell,trailing_stop,canceled,1,gtc,0.0,1,stock,,,
2023-09-11 09:30:00-04:00,SentimentTrader,5cbd63dfaafe4fb286640e3e7ed48c2d,MSFT,sell,market,new,1,day,0.0,1,stock,,,
2023-09-11 09:30:00-04:00,SentimentTrader,5cbd63dfaafe4fb286640e3e7ed48c2d,MSFT,sell,market,fill,1,day,0.0,1,stock,337.239990234375,83.0,0.0
2023-09-12 09:30:00-04:00,SentimentTrader,85d1797dcdf541b09bc1ed692eeb3f8f,MSFT,buy,market,new,1,gtc,0.0,1,stock,,,
2023-09-12 09:30:00-04:00,SentimentTrader,d5217c6691d14d108be7310cc8a3667e,MSFT,sell,trailing_stop,new,1,gtc,0.0,1,stock,,,
2023-09-12 09:30:00-04:00,SentimentTrader,85d1797dcdf541b09bc1ed692eeb3f8f,MSFT,buy,market,fill,1,gtc,0.0,1,stock,335.82000732421875,82.0,0.0
2023-09-15 09:30:00-04:00,SentimentTrader,d5217c6691d14d108be7310cc8a3667e,MSFT,sell,trailing_stop,fill,1,gtc,0.0,1,stock,330.6341857910156,82.0,0.0
2023-09-18 09:30:00-04:00,SentimentTrader,e3cacbc229684b25ab4f36f6005f99ca,MSFT,buy,market,new,1,gtc,0.0,1,stock,,,
2023-09-18 09:30:00-04:00,SentimentTrader,3008c371d59545fa9bb9e407483ca77e,MSFT,sell,trailing_stop,new,1,gtc,0.0,1,stock,,,
2023-09-18 09:30:00-04:00,SentimentTrader,e3cacbc229684b25ab4f36f6005f99ca,MSFT,buy,market,fill,1,gtc,0.0,1,stock,327.79998779296875,84.0,0.0
2023-09-21 09:30:00-04:00,SentimentTrader,3008c371d59545fa9bb9e407483ca77e,MSFT,sell,trailing_stop,fill,1,gtc,0.0,1,stock,319.260009765625,84.0,0.0
2023-10-05 09:30:00-04:00,SentimentTrader,dbb4d018df1d45679a65160d3ba37f6d,MSFT,buy,market,new,1,gtc,0.0,1,stock,,,
2023-10-05 09:30:00-04:00,SentimentTrader,3a50db03f77a430ba29e42d8e8b2ec86,MSFT,sell,trailing_stop,new,1,gtc,0.0,1,stock,,,
2023-10-05 09:30:00-04:00,SentimentTrader,dbb4d018df1d45679a65160d3ba37f6d,MSFT,buy,market,fill,1,gtc,0.0,1,stock,319.0899963378906,85.0,0.0
2023-10-07 09:30:00-04:00,SentimentTrader,3a50db03f77a430ba29e42d8e8b2ec86,MSFT,sell,trailing_stop,fill,1,gtc,0.0,1,stock,316.54998779296875,85.0,0.0
2023-10-09 09:30:00-04:00,SentimentTrader,d65c9ede66c145c09431df48506a717f,MSFT,buy,market,new,1,gtc,0.0,1,stock,,,
2023-10-09 09:30:00-04:00,SentimentTrader,1d35b20137da4d48865747736653a24d,MSFT,sell,trailing_stop,new,1,gtc,0.0,1,stock,,,
2023-10-09 09:30:00-04:00,SentimentTrader,d65c9ede66c145c09431df48506a717f,MSFT,buy,market,fill,1,gtc,0.0,1,stock,324.75,84.0,0.0
2023-10-20 09:30:00-04:00,SentimentTrader,1d35b20137da4d48865747736653a24d,MSFT,sell,trailing_stop,fill,1,gtc,0.0,1,stock,326.77360473632814,84.0,0.0
2023-10-23 09:30:00-04:00,SentimentTrader,1ddb5faf52f8423fb390277e9c793658,MSFT,buy,market,new,1,gtc,0.0,1,stock,,,
2023-10-23 09:30:00-04:00,SentimentTrader,04d07b5fcc89443b8502665d79fd6a5a,MSFT,sell,trailing_stop,new,1,gtc,0.0,1,stock,,,
2023-10-23 09:30:00-04:00,SentimentTrader,1ddb5faf52f8423fb390277e9c793658,MSFT,buy,market,fill,1,gtc,0.0,1,stock,325.4700012207031,84.0,0.0
2023-10-26 09:30:00-04:00,SentimentTrader,04d07b5fcc89443b8502665d79fd6a5a,MSFT,sell,trailing_stop,fill,1,gtc,0.0,1,stock,335.8140118408203,84.0,0.0
2023-10-27 09:30:00-04:00,SentimentTrader,b7af44df40184c7eaa585e1b9f673499,MSFT,buy,market,new,1,gtc,0.0,1,stock,,,
2023-10-27 09:30:00-04:00,SentimentTrader,1b79ff3082b34532a104e727c050d30e,MSFT,sell,trailing_stop,new,1,gtc,0.0,1,stock,,,
2023-10-27 09:30:00-04:00,SentimentTrader,b7af44df40184c7eaa585e1b9f673499,MSFT,buy,market,fill,1,gtc,0.0,1,stock,330.42999267578125,83.0,0.0
2023-12-01 09:30:00-05:00,SentimentTrader,1b79ff3082b34532a104e727c050d30e,MSFT,sell,trailing_stop,fill,1,gtc,0.0,1,stock,372.7709881591797,83.0,0.0
2023-12-04 09:30:00-05:00,SentimentTrader,710f04f0320548bfb66093a8c5c147f6,MSFT,buy,market,new,1,gtc,0.0,1,stock,,,
2023-12-04 09:30:00-05:00,SentimentTrader,3d26be0eeefc468ab6c9315d5a263126,MSFT,sell,trailing_stop,new,1,gtc,0.0,1,stock,,,
2023-12-04 09:30:00-05:00,SentimentTrader,710f04f0320548bfb66093a8c5c147f6,MSFT,buy,market,fill,1,gtc,0.0,1,stock,369.1000061035156,77.0,0.0
2023-12-14 09:30:00-05:00,SentimentTrader,3d26be0eeefc468ab6c9315d5a263126,MSFT,sell,trailing_stop,fill,1,gtc,0.0,1,stock,366.31081420898437,77.0,0.0
2024-01-03 09:30:00-05:00,SentimentTrader,e291f57035e44788a06b89fcc42b1cb7,MSFT,buy,market,new,1,gtc,0.0,1,stock,,,
2024-01-03 09:30:00-05:00,SentimentTrader,bc0fba61ae5844e7bd3897069191f228,MSFT,sell,trailing_stop,new,1,gtc,0.0,1,stock,,,
2024-01-03 09:30:00-05:00,SentimentTrader,e291f57035e44788a06b89fcc42b1cb7,MSFT,buy,market,fill,1,gtc,0.0,1,stock,369.010009765625,77.0,0.0
2024-01-31 09:30:00-05:00,SentimentTrader,bc0fba61ae5844e7bd3897069191f228,MSFT,sell,trailing_stop,fill,1,gtc,0.0,1,stock,400.6584881591797,77.0,0.0
2024-02-02 09:30:00-05:00,SentimentTrader,80abf9929f7945da9331c466ee9d67a9,MSFT,buy,market,new,1,gtc,0.0,1,stock,,,
2024-02-02 09:30:00-05:00,SentimentTrader,c96306fae24e4bfc8f92cb70b94b7cb0,MSFT,sell,trailing_stop,new,1,gtc,0.0,1,stock,,,
2024-02-02 09:30:00-05:00,SentimentTrader,80abf9929f7945da9331c466ee9d67a9,MSFT,buy,market,fill,1,gtc,0.0,1,stock,403.80999755859375,72.0,0.0
2024-02-13 09:30:00-05:00,SentimentTrader,c96306fae24e4bfc8f92cb70b94b7cb0,MSFT,sell,trailing_stop,fill,1,gtc,0.0,1,stock,404.94000244140625,72.0,0.0
2024-02-20 09:30:00-05:00,SentimentTrader,0b45ed7dd43845e894a2146bb8aa16fc,MSFT,buy,market,new,1,gtc,0.0,1,stock,,,
2024-02-20 09:30:00-05:00,SentimentTrader,5849739db829445a8c079486008157cc,MSFT,sell,trailing_stop,new,1,gtc,0.0,1,stock,,,
2024-02-20 09:30:00-05:00,SentimentTrader,0b45ed7dd43845e894a2146bb8aa16fc,MSFT,buy,market,fill,1,gtc,0.0,1,stock,403.239990234375,72.0,0.0
2024-03-05 09:30:00-05:00,SentimentTrader,5849739db829445a8c079486008157cc,MSFT,sell,trailing_stop,fill,1,gtc,0.0,1,stock,404.82950592041016,72.0,0.0
2024-03-06 09:30:00-05:00,SentimentTrader,5dc6161c79d14a60b5241ed55720c827,MSFT,buy,market,new,1,gtc,0.0,1,stock,,,
2024-03-06 09:30:00-05:00,SentimentTrader,fa084af307a2454e8bdadbe9282396c5,MSFT,sell,trailing_stop,new,1,gtc,0.0,1,stock,,,
2024-03-06 09:30:00-05:00,SentimentTrader,5dc6161c79d14a60b5241ed55720c827,MSFT,buy,market,fill,1,gtc,0.0,1,stock,402.9700012207031,72.0,0.0
2024-03-13 09:30:00-04:00,SentimentTrader,fa084af307a2454e8bdadbe9282396c5,MSFT,sell,trailing_stop,canceled,1,gtc,0.0,1,stock,,,
2024-03-13 09:30:00-04:00,SentimentTrader,64c098711436427091734fb33ea417b5,MSFT,sell,market,new,1,day,0.0,1,stock,,,
2024-03-13 09:30:00-04:00,SentimentTrader,64c098711436427091734fb33ea417b5,MSFT,sell,market,fill,1,day,0.0,1,stock,418.1000061035156,72.0,0.0
2024-03-15 09:30:00-04:00,SentimentTrader,1ad35b6a7d7249abbdcc70d3a11e1b2b,MSFT,buy,market,new,1,gtc,0.0,1,stock,,,
2024-03-15 09:30:00-04:00,SentimentTrader,cc51e34450324e438b4807dd164181a7,MSFT,sell,trailing_stop,new,1,gtc,0.0,1,stock,,,
2024-03-15 09:30:00-04:00,SentimentTrader,1ad35b6a7d7249abbdcc70d3a11e1b2b,MSFT,buy,market,fill,1,gtc,0.0,1,stock,419.2900085449219,70.0,0.0
2024-04-02 09:30:00-04:00,SentimentTrader,cc51e34450324e438b4807dd164181a7,MSFT,sell,trailing_stop,fill,1,gtc,0.0,1,stock,417.89540710449216,70.0,0.0
2024-04-03 09:30:00-04:00,SentimentTrader,b7c66ebb37944e949caaabfc10710815,MSFT,buy,market,new,1,gtc,0.0,1,stock,,,
2024-04-03 09:30:00-04:00,SentimentTrader,da463976a07a4277ae90b128b0be29a0,MSFT,sell,trailing_stop,new,1,gtc,0.0,1,stock,,,
2024-04-03 09:30:00-04:00,SentimentTrader,b7c66ebb37944e949caaabfc10710815,MSFT,buy,market,fill,1,gtc,0.0,1,stock,419.7300109863281,69.0,0.0
2024-04-09 09:30:00-04:00,SentimentTrader,da463976a07a4277ae90b128b0be29a0,MSFT,sell,trailing_stop,canceled,1,gtc,0.0,1,stock,,,
2024-04-09 09:30:00-04:00,SentimentTrader,fa8e1b07785645268a22266a152ea8cc,MSFT,sell,market,new,1,day,0.0,1,stock,,,
2024-04-09 09:30:00-04:00,SentimentTrader,fa8e1b07785645268a22266a152ea8cc,MSFT,sell,market,fill,1,day,0.0,1,stock,426.44000244140625,69.0,0.0
2024-04-12 09:30:00-04:00,SentimentTrader,8bf46e26b43741a1bc2bb93a0a66e4f8,MSFT,buy,market,new,1,gtc,0.0,1,stock,,,
2024-04-12 09:30:00-04:00,SentimentTrader,9476eadc266f4f05800dd01ca95b8775,MSFT,sell,trailing_stop,new,1,gtc,0.0,1,stock,,,
2024-04-12 09:30:00-04:00,SentimentTrader,8bf46e26b43741a1bc2bb93a0a66e4f8,MSFT,buy,market,fill,1,gtc,0.0,1,stock,424.04998779296875,69.0,0.0
2024-04-15 09:30:00-04:00,SentimentTrader,9476eadc266f4f05800dd01ca95b8775,MSFT,sell,trailing_stop,fill,1,gtc,0.0,1,stock,414.01540710449217,69.0,0.0
2024-04-16 09:30:00-04:00,SentimentTrader,0e6270849ca2436eb37561ef16f091ad,MSFT,buy,market,new,1,gtc,0.0,1,stock,,,
2024-04-16 09:30:00-04:00,SentimentTrader,a5dc935ac2d84d26870409a5124042f4,MSFT,sell,trailing_stop,new,1,gtc,0.0,1,stock,,,
2024-04-16 09:30:00-04:00,SentimentTrader,0e6270849ca2436eb37561ef16f091ad,MSFT,buy,market,fill,1,gtc,0.0,1,stock,414.57000732421875,70.0,0.0
2024-04-18 09:30:00-04:00,SentimentTrader,a5dc935ac2d84d26870409a5124042f4,MSFT,sell,trailing_stop,fill,1,gtc,0.0,1,stock,406.3136047363281,70.0,0.0
2024-04-19 09:30:00-04:00,SentimentTrader,d43c54250b8d46d7bd090aa0bc3e3d49,MSFT,buy,market,new,1,gtc,0.0,1,stock,,,
2024-04-19 09:30:00-04:00,SentimentTrader,7c7e8ecd38dc41fb8ed4c5e790fecd56,MSFT,sell,trailing_stop,new,1,gtc,0.0,1,stock,,,
2024-04-19 09:30:00-04:00,SentimentTrader,d43c54250b8d46d7bd090aa0bc3e3d49,MSFT,buy,market,fill,1,gtc,0.0,1,stock,404.0299987792969,72.0,0.0
2024-04-25 09:30:00-04:00,SentimentTrader,7c7e8ecd38dc41fb8ed4c5e790fecd56,MSFT,sell,trailing_stop,fill,1,gtc,0.0,1,stock,394.0299987792969,72.0,0.0
2024-04-26 09:30:00-04:00,SentimentTrader,db468cb2bb7c44d59a3194ab82d562cd,MSFT,buy,market,new,1,gtc,0.0,1,stock,,,
2024-04-26 09:30:00-04:00,SentimentTrader,543e4623c98c4a6c99b1442db28a7b01,MSFT,sell,trailing_stop,new,1,gtc,0.0,1,stock,,,
2024-04-26 09:30:00-04:00,SentimentTrader,db468cb2bb7c44d59a3194ab82d562cd,MSFT,buy,market,fill,1,gtc,0.0,1,stock,412.1700134277344,70.0,0.0
2024-04-29 08:30:00-04:00,SentimentTrader,543e4623c98c4a6c99b1442db28a7b01,MSFT,sell,trailing_stop,fill,1,gtc,0.0,1,stock,400.61,70.0,0.0
2024-04-29 09:30:00-04:00,SentimentTrader,06f42354e31d464aae76868d348b7a88,MSFT,buy,market,new,1,gtc,0.0,1,stock,,,
2024-04-29 09:30:00-04:00,SentimentTrader,0361093570cb44acaac1391ced07186a,MSFT,sell,trailing_stop,new,1,gtc,0.0,1,stock,,,
2024-04-29 09:30:00-04:00,SentimentTrader,06f42354e31d464aae76868d348b7a88,MSFT,buy,market,fill,1,gtc,0.0,1,stock,405.25,71.0,0.0
2024-04-30 09:30:00-04:00,SentimentTrader,0361093570cb44acaac1391ced07186a,MSFT,sell,trailing_stop,fill,1,gtc,0.0,1,stock,394.1304071044922,71.0,0.0
2024-05-02 09:30:00-04:00,SentimentTrader,da1bc42672064d5a9eb6df4d01e460a8,MSFT,buy,market,new,1,gtc,0.0,1,stock,,,
2024-05-02 09:30:00-04:00,SentimentTrader,18dbe6138c6b474780b20772f5e1845f,MSFT,sell,trailing_stop,new,1,gtc,0.0,1,stock,,,
2024-05-02 09:30:00-04:00,SentimentTrader,da1bc42672064d5a9eb6df4d01e460a8,MSFT,buy,market,fill,1,gtc,0.0,1,stock,397.6600036621094,71.0,0.0
2024-05-20 09:30:00-04:00,SentimentTrader,18dbe6138c6b474780b20772f5e1845f,MSFT,sell,trailing_stop,canceled,1,gtc,0.0,1,stock,,,
2024-05-20 09:30:00-04:00,SentimentTrader,6f21279a63f743aeb6a72ad9b6e09901,MSFT,sell,market,new,1,day,0.0,1,stock,,,
2024-05-20 09:30:00-04:00,SentimentTrader,6f21279a63f743aeb6a72ad9b6e09901,MSFT,sell,market,fill,1,day,0.0,1,stock,420.2099914550781,71.0,0.0
2024-06-03 09:30:00-04:00,SentimentTrader,182dee0b067e4678817f56acdf9e576c,MSFT,buy,market,new,1,gtc,0.0,1,stock,,,
2024-06-03 09:30:00-04:00,SentimentTrader,02fd735b9bb146a1bd7bce1b784a2906,MSFT,sell,trailing_stop,new,1,gtc,0.0,1,stock,,,
2024-06-03 09:30:00-04:00,SentimentTrader,182dee0b067e4678817f56acdf9e576c,MSFT,buy,market,fill,1,gtc,0.0,1,stock,415.5299987792969,69.0,0.0
2024-06-13 09:30:00-04:00,SentimentTrader,02fd735b9bb146a1bd7bce1b784a2906,MSFT,sell,trailing_stop,canceled,1,gtc,0.0,1,stock,,,
2024-06-13 09:30:00-04:00,SentimentTrader,381cef8f800a417cacecc2e3a4f628d3,MSFT,sell,market,new,1,day,0.0,1,stock,,,
2024-06-13 09:30:00-04:00,SentimentTrader,381cef8f800a417cacecc2e3a4f628d3,MSFT,sell,market,fill,1,day,0.0,1,stock,440.8500061035156,69.0,0.0
2024-06-14 09:30:00-04:00,SentimentTrader,116f608b9f6c49f5a09001948525a77c,MSFT,buy,market,new,1,gtc,0.0,1,stock,,,
2024-06-14 09:30:00-04:00,SentimentTrader,352ff42f0726413ebb09b2807d52247f,MSFT,sell,trailing_stop,new,1,gtc,0.0,1,stock,,,
2024-06-14 09:30:00-04:00,SentimentTrader,116f608b9f6c49f5a09001948525a77c,MSFT,buy,market,fill,1,gtc,0.0,1,stock,438.2799987792969,67.0,0.0
2024-07-11 09:30:00-04:00,SentimentTrader,352ff42f0726413ebb09b2807d52247f,MSFT,sell,trailing_stop,fill,1,gtc,0.0,1,stock,454.2995059204101,67.0,0.0
2024-07-12 09:30:00-04:00,SentimentTrader,6da6a5efb58449e1b80b1aa4665016fc,MSFT,buy,market,new,1,gtc,0.0,1,stock,,,
2024-07-12 09:30:00-04:00,SentimentTrader,1aa4c3198d26435684eb38bd1f8423ae,MSFT,sell,trailing_stop,new,1,gtc,0.0,1,stock,,,
2024-07-12 09:30:00-04:00,SentimentTrader,6da6a5efb58449e1b80b1aa4665016fc,MSFT,buy,market,fill,1,gtc,0.0,1,stock,454.3299865722656,65.0,0.0
2024-07-17 09:30:00-04:00,SentimentTrader,1aa4c3198d26435684eb38bd1f8423ae,MSFT,sell,trailing_stop,fill,1,gtc,0.0,1,stock,442.5899963378906,65.0,0.0
2024-07-18 09:30:00-04:00,SentimentTrader,1044fb3fd7ee492694c7de67bbdae770,MSFT,buy,market,new,1,gtc,0.0,1,stock,,,
2024-07-18 09:30:00-04:00,SentimentTrader,82957998b9c7423e915eedb55bed0c10,MSFT,sell,trailing_stop,new,1,gtc,0.0,1,stock,,,
2024-07-18 09:30:00-04:00,SentimentTrader,1044fb3fd7ee492694c7de67bbdae770,MSFT,buy,market,fill,1,gtc,0.0,1,stock,444.3399963378906,66.0,0.0
2024-07-24 09:30:00-04:00,SentimentTrader,82957998b9c7423e915eedb55bed0c10,MSFT,sell,trailing_stop,fill,1,gtc,0.0,1,stock,434.93831420898437,66.0,0.0
2024-07-25 09:30:00-04:00,SentimentTrader,4be308659cee412dac8e1a220b433cc5,MSFT,buy,market,new,1,gtc,0.0,1,stock,,,
2024-07-25 09:30:00-04:00,SentimentTrader,0d87fb453c3847ef9981c5e64716b79d,MSFT,sell,trailing_stop,new,1,gtc,0.0,1,stock,,,
2024-07-25 09:30:00-04:00,SentimentTrader,4be308659cee412dac8e1a220b433cc5,MSFT,buy,market,fill,1,gtc,0.0,1,stock,428.79998779296875,68.0,0.0
2024-07-30 09:30:00-04:00,SentimentTrader,0d87fb453c3847ef9981c5e64716b79d,MSFT,sell,trailing_stop,fill,1,gtc,0.0,1,stock,419.18549407958983,68.0,0.0
2024-07-31 09:30:00-04:00,SentimentTrader,e7e7702091134d2782499f231cf1ee32,MSFT,buy,market,new,1,gtc,0.0,1,stock,,,
2024-07-31 09:30:00-04:00,SentimentTrader,0e8fdb67bb974826a65b703b7c97b1da,MSFT,sell,trailing_stop,new,1,gtc,0.0,1,stock,,,
2024-07-31 09:30:00-04:00,SentimentTrader,e7e7702091134d2782499f231cf1ee32,MSFT,buy,market,fill,1,gtc,0.0,1,stock,420.5,69.0,0.0
2024-08-02 09:30:00-04:00,SentimentTrader,0e8fdb67bb974826a65b703b7c97b1da,MSFT,sell,trailing_stop,fill,1,gtc,0.0,1,stock,412.489990234375,69.0,0.0
2024-08-05 09:30:00-04:00,SentimentTrader,3ae35558258e44158ba62b18795b49ab,MSFT,buy,market,new,1,gtc,0.0,1,stock,,,
2024-08-05 09:30:00-04:00,SentimentTrader,3a9babea317341aca54d35426f5a36f4,MSFT,sell,trailing_stop,new,1,gtc,0.0,1,stock,,,
2024-08-05 09:30:00-04:00,SentimentTrader,3ae35558258e44158ba62b18795b49ab,MSFT,buy,market,fill,1,gtc,0.0,1,stock,389.1700134277344,74.0,0.0
2024-08-07 09:30:00-04:00,SentimentTrader,3a9babea317341aca54d35426f5a36f4,MSFT,sell,trailing_stop,canceled,1,gtc,0.0,1,stock,,,
2024-08-07 09:30:00-04:00,SentimentTrader,15abbd3a225c4a05a06cc872416852db,MSFT,sell,market,new,1,day,0.0,1,stock,,,
2024-08-07 09:30:00-04:00,SentimentTrader,15abbd3a225c4a05a06cc872416852db,MSFT,sell,market,fill,1,day,0.0,1,stock,408.6400146484375,74.0,0.0
2024-08-13 09:30:00-04:00,SentimentTrader,e37dd5cde8a84425898e2fc5ca6cc898,MSFT,buy,market,new,1,gtc,0.0,1,stock,,,
2024-08-13 09:30:00-04:00,SentimentTrader,92ac41f85f6343e29ea611861b056e72,MSFT,sell,trailing_stop,new,1,gtc,0.0,1,stock,,,
2024-08-13 09:30:00-04:00,SentimentTrader,e37dd5cde8a84425898e2fc5ca6cc898,MSFT,buy,market,fill,1,gtc,0.0,1,stock,409.5899963378906,71.0,0.0
2024-08-23 09:30:00-04:00,SentimentTrader,92ac41f85f6343e29ea611861b056e72,MSFT,sell,trailing_stop,fill,1,gtc,0.0,1,stock,413.9863082885742,71.0,0.0
2024-08-29 09:30:00-04:00,SentimentTrader,80fb88f797c340cf8ffa4f57a277d2a0,MSFT,buy,market,new,1,gtc,0.0,1,stock,,,
2024-08-29 09:30:00-04:00,SentimentTrader,843ba6f27c164bfa96185f4f6a06f565,MSFT,sell,trailing_stop,new,1,gtc,0.0,1,stock,,,
2024-08-29 09:30:00-04:00,SentimentTrader,80fb88f797c340cf8ffa4f57a277d2a0,MSFT,buy,market,fill,1,gtc,0.0,1,stock,414.94000244140625,71.0,0.0
2024-09-03 08:30:00-04:00,SentimentTrader,843ba6f27c164bfa96185f4f6a06f565,MSFT,sell,trailing_stop,fill,1,gtc,0.0,1,stock,409.3884881591797,71.0,0.0
2024-09-03 09:30:00-04:00,SentimentTrader,0c0686e0447f4d0ca045514ac9472dad,MSFT,buy,market,new,1,gtc,0.0,1,stock,,,
2024-09-03 09:30:00-04:00,SentimentTrader,857730b8623349e8a9c2c4752e09886a,MSFT,sell,trailing_stop,new,1,gtc,0.0,1,stock,,,
2024-09-03 09:30:00-04:00,SentimentTrader,0c0686e0447f4d0ca045514ac9472dad,MSFT,buy,market,fill,1,gtc,0.0,1,stock,417.9100036621094,70.0,0.0
2024-09-04 09:30:00-04:00,SentimentTrader,857730b8623349e8a9c2c4752e09886a,MSFT,sell,trailing_stop,fill,1,gtc,0.0,1,stock,405.9100036621094,70.0,0.0
2024-09-05 09:30:00-04:00,SentimentTrader,d5bd11edd71444ac856a0443f655f023,MSFT,buy,market,new,1,gtc,0.0,1,stock,,,
2024-09-05 09:30:00-04:00,SentimentTrader,0617e8efeccd4af7b7430a5609535a80,MSFT,sell,trailing_stop,new,1,gtc,0.0,1,stock,,,
2024-09-05 09:30:00-04:00,SentimentTrader,d5bd11edd71444ac856a0443f655f023,MSFT,buy,market,fill,1,gtc,0.0,1,stock,407.6199951171875,71.0,0.0
2024-09-10 09:30:00-04:00,SentimentTrader,0617e8efeccd4af7b7430a5609535a80,MSFT,sell,trailing_stop,canceled,1,gtc,0.0,1,stock,,,
2024-09-10 09:30:00-04:00,SentimentTrader,68d42dd62cef48f7b53e63aeefcab176,MSFT,sell,market,new,1,day,0.0,1,stock,,,
2024-09-10 09:30:00-04:00,SentimentTrader,68d42dd62cef48f7b53e63aeefcab176,MSFT,sell,market,fill,1,day,0.0,1,stock,408.20001220703125,71.0,0.0
2024-09-20 09:30:00-04:00,SentimentTrader,babc101c1a834f9aacbc43f81784186e,MSFT,buy,market,new,1,gtc,0.0,1,stock,,,
2024-09-20 09:30:00-04:00,SentimentTrader,94c8553be8924eb0acdd8de595b25545,MSFT,sell,trailing_stop,new,1,gtc,0.0,1,stock,,,
2024-09-20 09:30:00-04:00,SentimentTrader,babc101c1a834f9aacbc43f81784186e,MSFT,buy,market,fill,1,gtc,0.0,1,stock,437.2200012207031,66.0,0.0
2024-09-30 08:30:00-04:00,SentimentTrader,94c8553be8924eb0acdd8de595b25545,MSFT,sell,trailing_stop,fill,1,gtc,0.0,1,stock,426.06279052734374,66.0,0.0
2024-09-30 09:30:00-04:00,SentimentTrader,fcf761f79b2347d6aab43dfc0573dddf,MSFT,buy,market,new,1,gtc,0.0,1,stock,,,
2024-09-30 09:30:00-04:00,SentimentTrader,bececd1e6fd8465a8478db562391bb06,MSFT,sell,trailing_stop,new,1,gtc,0.0,1,stock,,,
2024-09-30 09:30:00-04:00,SentimentTrader,fcf761f79b2347d6aab43dfc0573dddf,MSFT,buy,market,fill,1,gtc,0.0,1,stock,428.2099914550781,67.0,0.0
2024-10-02 09:30:00-04:00,SentimentTrader,bececd1e6fd8465a8478db562391bb06,MSFT,sell,trailing_stop,fill,1,gtc,0.0,1,stock,417.50741302490235,67.0,0.0
2024-10-04 09:30:00-04:00,SentimentTrader,e3d32053bb1b44899f314447df4e04ec,MSFT,buy,market,new,1,gtc,0.0,1,stock,,,
2024-10-04 09:30:00-04:00,SentimentTrader,a645b60162fc49acacce89ddf3fe3ee0,MSFT,sell,trailing_stop,new,1,gtc,0.0,1,stock,,,
2024-10-04 09:30:00-04:00,SentimentTrader,e3d32053bb1b44899f314447df4e04ec,MSFT,buy,market,fill,1,gtc,0.0,1,stock,418.239990234375,68.0,0.0
2024-10-16 09:30:00-04:00,SentimentTrader,a645b60162fc49acacce89ddf3fe3ee0,MSFT,sell,trailing_stop,fill,1,gtc,0.0,1,stock,411.3188082885742,68.0,0.0
2024-10-17 09:30:00-04:00,SentimentTrader,ec99e5adb3ff4b7cac5cb2b1118e380a,MSFT,buy,market,new,1,gtc,0.0,1,stock,,,
2024-10-17 09:30:00-04:00,SentimentTrader,7df57f92c11c4662979602a5e699ac34,MSFT,sell,trailing_stop,new,1,gtc,0.0,1,stock,,,
2024-10-17 09:30:00-04:00,SentimentTrader,ec99e5adb3ff4b7cac5cb2b1118e380a,MSFT,buy,market,fill,1,gtc,0.0,1,stock,422.3599853515625,67.0,0.0
2024-10-31 09:30:00-04:00,SentimentTrader,7df57f92c11c4662979602a5e699ac34,MSFT,sell,trailing_stop,fill,1,gtc,0.0,1,stock,415.3599853515625,67.0,0.0
2024-11-07 09:30:00-05:00,SentimentTrader,7ecba42c110d4d8cada6945cc85bdae9,MSFT,buy,market,new,1,gtc,0.0,1,stock,,,
2024-11-07 09:30:00-05:00,SentimentTrader,a086de5571c4405fb5a5716437c221d5,MSFT,sell,trailing_stop,new,1,gtc,0.0,1,stock,,,
2024-11-07 09:30:00-05:00,SentimentTrader,7ecba42c110d4d8cada6945cc85bdae9,MSFT,buy,market,fill,1,gtc,0.0,1,stock,421.2799987792969,67.0,0.0
2024-11-15 09:30:00-05:00,SentimentTrader,a086de5571c4405fb5a5716437c221d5,MSFT,sell,trailing_stop,fill,1,gtc,0.0,1,stock,416.45008697509763,67.0,0.0
2025-01-06 09:30:00-05:00,SentimentTrader,320f92ed4bb34289b7623cd9a0a3532e,MSFT,buy,market,new,1,gtc,0.0,1,stock,,,
2025-01-06 09:30:00-05:00,SentimentTrader,eebecefe8a924df6963784087c836059,MSFT,sell,trailing_stop,new,1,gtc,0.0,1,stock,,,
2025-01-06 09:30:00-05:00,SentimentTrader,320f92ed4bb34289b7623cd9a0a3532e,MSFT,buy,market,fill,1,gtc,0.0,1,stock,428.0,66.0,0.0
2025-01-07 09:30:00-05:00,SentimentTrader,eebecefe8a924df6963784087c836059,MSFT,sell,trailing_stop,fill,1,gtc,0.0,1,stock,421.2904071044922,66.0,0.0
2025-01-08 09:30:00-05:00,SentimentTrader,fe5d0f6ebb9e40d4b6ec7bbfb94921fb,MSFT,buy,market,new,1,gtc,0.0,1,stock,,,
2025-01-08 09:30:00-05:00,SentimentTrader,155c3ab2058e4ac3b4f45e1951383060,MSFT,sell,trailing_stop,new,1,gtc,0.0,1,stock,,,
2025-01-08 09:30:00-05:00,SentimentTrader,fe5d0f6ebb9e40d4b6ec7bbfb94921fb,MSFT,buy,market,fill,1,gtc,0.0,1,stock,423.4599914550781,67.0,0.0
2025-01-13 08:30:00-05:00,SentimentTrader,155c3ab2058e4ac3b4f45e1951383060,MSFT,sell,trailing_stop,fill,1,gtc,0.0,1,stock,414.16090118408204,67.0,0.0
2025-01-13 09:30:00-05:00,SentimentTrader,7a3f94adbdb54cc88400d8a7efbec662,MSFT,buy,market,new,1,gtc,0.0,1,stock,,,
2025-01-13 09:30:00-05:00,SentimentTrader,a9af9c137ff942ac895e86173e631f17,MSFT,sell,trailing_stop,new,1,gtc,0.0,1,stock,,,
2025-01-13 09:30:00-05:00,SentimentTrader,7a3f94adbdb54cc88400d8a7efbec662,MSFT,buy,market,fill,1,gtc,0.0,1,stock,415.239990234375,68.0,0.0
2025-01-27 08:30:00-05:00,SentimentTrader,a9af9c137ff942ac895e86173e631f17,MSFT,sell,trailing_stop,fill,1,gtc,0.0,1,stock,424.010009765625,68.0,0.0
